epoch,epoch_loss,split,loss,acc,sample_fn
0,1.4220469,train,1.0102522,0.5934040000786642,gumbel_soft
0,1.4220469,val,1.0028834,0.5979218959780515,gumbel_soft
0,1.4220469,test,1.0388844,0.5841840868578837,gumbel_soft
1,0.8186829,train,0.6679576,0.7568421535657863,gumbel_soft
1,0.8186829,val,0.66832995,0.7577491098009457,gumbel_soft
1,0.8186829,test,0.6689519,0.7560092907686491,gumbel_soft
2,0.575447,train,0.49601415,0.8261126079175598,gumbel_soft
2,0.575447,val,0.48393664,0.8270387017687234,gumbel_soft
2,0.575447,test,0.49751243,0.8236914600550964,gumbel_soft
3,0.44265088,train,0.40596107,0.8555461595442716,gumbel_soft
3,0.44265088,val,0.41761675,0.8442589457708248,gumbel_soft
3,0.44265088,test,0.3975465,0.8597742127153892,gumbel_soft
4,0.35744458,train,0.3256455,0.8973168924987053,gumbel_soft
4,0.35744458,val,0.31177896,0.9067771875547254,gumbel_soft
4,0.35744458,test,0.31256828,0.9099551666396586,gumbel_soft
5,0.31088603,train,0.2715235,0.9165634197984883,gumbel_soft
5,0.31088603,val,0.29460523,0.8991302317436227,gumbel_soft
5,0.31088603,test,0.28182873,0.9107113919948144,gumbel_soft
6,0.2587953,train,0.23365079,0.9329190347892781,gumbel_soft
6,0.2587953,val,0.23635373,0.9297764286965151,gumbel_soft
6,0.2587953,test,0.2314541,0.9384216496515961,gumbel_soft
7,0.22237058,train,0.2135195,0.9327158187312763,gumbel_soft
7,0.22237058,val,0.20041843,0.943786118732123,gumbel_soft
7,0.22237058,test,0.21673457,0.9365851023605034,gumbel_soft
8,0.19399478,train,0.17716518,0.9473998177610835,gumbel_soft
8,0.19399478,val,0.19256602,0.933862588290234,gumbel_soft
8,0.19399478,test,0.17806229,0.9525738670123697,gumbel_soft
9,0.17623454,train,0.16260411,0.9542829423063056,gumbel_soft
9,0.17623454,val,0.160332,0.9574455665168408,gumbel_soft
9,0.17623454,test,0.16259976,0.9568951547561173,gumbel_soft
10,0.15434836,train,0.14396991,0.9578687224265309,gumbel_soft
10,0.15434836,val,0.14538005,0.954293386258829,gumbel_soft
10,0.15434836,test,0.14399204,0.9609463620158807,gumbel_soft
11,0.14402129,train,0.13671668,0.9586094777347309,gumbel_soft
11,0.14402129,val,0.14728977,0.9524254275874147,gumbel_soft
11,0.14402129,test,0.13711725,0.9544644304002593,gumbel_soft
12,0.13012476,train,0.12248211,0.9647452916150432,gumbel_soft
12,0.13012476,val,0.12428357,0.9670188547078395,gumbel_soft
12,0.13012476,test,0.11267815,0.968184518986658,gumbel_soft
13,0.12571146,train,0.11684995,0.9634211095596766,gumbel_soft
13,0.12571146,val,0.11723653,0.9657346331212422,gumbel_soft
13,0.12571146,test,0.1125458,0.9681305028898611,gumbel_soft
14,0.11905198,train,0.11326314,0.9649157308894963,gumbel_soft
14,0.11905198,val,0.110221475,0.9676025917926566,gumbel_soft
14,0.11905198,test,0.10489554,0.9711013882136876,gumbel_soft
15,0.110722296,train,0.10490121,0.9665283486400913,gumbel_soft
15,0.110722296,val,0.1283871,0.9545268810927559,gumbel_soft
15,0.110722296,test,0.09958225,0.9659158429211905,gumbel_soft
16,0.10348957,train,0.104672216,0.9667774521950612,gumbel_soft
16,0.10348957,val,0.11487971,0.9588465355204017,gumbel_soft
16,0.10348957,test,0.10521991,0.9671041970507211,gumbel_soft
17,0.11328749,train,0.09931941,0.9690390502599199,gumbel_soft
17,0.11328749,val,0.115133524,0.9581460510186212,gumbel_soft
17,0.11328749,test,0.09435991,0.9707772916329066,gumbel_soft
18,0.10432725,train,0.11547346,0.9565838725114227,gumbel_soft
18,0.10432725,val,0.11773846,0.9577374350592494,gumbel_soft
18,0.10432725,test,0.10850672,0.9599200561767407,gumbel_soft
19,0.106374756,train,0.104918145,0.9627590185319934,gumbel_soft
19,0.106374756,val,0.10421292,0.9641585429922362,gumbel_soft
19,0.106374756,test,0.08618265,0.9729379355047805,gumbel_soft
20,0.09797159,train,0.099254996,0.9677804217716507,gumbel_soft
20,0.09797159,val,0.122576416,0.9536512754655303,gumbel_soft
20,0.09797159,test,0.107133254,0.9610003781126776,gumbel_soft
21,0.08980651,train,0.08625876,0.9730771499931169,gumbel_soft
21,0.08980651,val,0.11840154,0.9493899947463662,gumbel_soft
21,0.08980651,test,0.07508494,0.9789337222492303,gumbel_soft
22,0.08739576,train,0.08429724,0.9723757268251751,gumbel_soft
22,0.08739576,val,0.08787421,0.9711050143015586,gumbel_soft
22,0.08739576,test,0.09434128,0.9653756819532221,gumbel_soft
23,0.08447562,train,0.079358004,0.9742243374173206,gumbel_soft
23,0.08447562,val,0.114831336,0.9621154631953768,gumbel_soft
23,0.08447562,test,0.08755533,0.9675903419218927,gumbel_soft
24,0.08016873,train,0.08674048,0.9701796823274138,gumbel_soft
24,0.08016873,val,0.11880893,0.9512579534177806,gumbel_soft
24,0.08016873,test,0.07777922,0.97482849889267,gumbel_soft
25,0.08764979,train,0.08265557,0.973273810694409,gumbel_soft
25,0.08764979,val,0.1004952,0.9623489580293036,gumbel_soft
25,0.08764979,test,0.09431763,0.968886728245017,gumbel_soft
26,0.08527547,train,0.0787814,0.9748667623748746,gumbel_soft
26,0.08527547,val,0.08290793,0.9714552565524488,gumbel_soft
26,0.08527547,test,0.0754537,0.9773672554421218,gumbel_soft
27,0.083182774,train,0.07815604,0.9744209981186126,gumbel_soft
27,0.083182774,val,0.075836964,0.9745490631019789,gumbel_soft
27,0.083182774,test,0.07532152,0.9771511910549344,gumbel_soft
28,0.07923548,train,0.07573789,0.975574740899526,gumbel_soft
28,0.07923548,val,0.07982966,0.9721557410542292,gumbel_soft
28,0.07923548,test,0.07112872,0.9790957705396208,gumbel_soft
29,0.07427198,train,0.07945161,0.9732541446242797,gumbel_soft
29,0.07427198,val,0.06782496,0.9785184752787345,gumbel_soft
29,0.07427198,test,0.11504763,0.9593798952087722,gumbel_soft
30,0.07747741,train,0.07035211,0.9771414711531528,gumbel_soft
30,0.07747741,val,0.071846314,0.9780514856108808,gumbel_soft
30,0.07747741,test,0.0786301,0.9698590179873602,gumbel_soft
31,0.075652584,train,0.07542925,0.9743030016978373,gumbel_soft
31,0.075652584,val,0.07181881,0.9771175062751737,gumbel_soft
31,0.075652584,test,0.069102734,0.9764489817965754,gumbel_soft
32,0.07248333,train,0.07397957,0.9746242141766144,gumbel_soft
32,0.07248333,val,0.062311057,0.9813204132858561,gumbel_soft
32,0.07248333,test,0.061635673,0.981472478798682,gumbel_soft
33,0.068255104,train,0.072786555,0.9751158659298446,gumbel_soft
33,0.068255104,val,0.08357549,0.9698207927149611,gumbel_soft
33,0.068255104,test,0.06881223,0.9788256900556366,gumbel_soft
34,0.073468894,train,0.070096694,0.976518712265728,gumbel_soft
34,0.073468894,val,0.08690685,0.9662599964975775,gumbel_soft
34,0.073468894,test,0.119195044,0.9637551990493167,gumbel_soft
35,0.07194322,train,0.071302116,0.9751420873566835,gumbel_soft
35,0.07194322,val,0.069368966,0.9774677485260639,gumbel_soft
35,0.07194322,test,0.0652447,0.976935126667747,gumbel_soft
36,0.068740435,train,0.07038921,0.9760795033661757,gumbel_soft
36,0.068740435,val,0.069934554,0.9753662950207227,gumbel_soft
36,0.068740435,test,0.07024883,0.9752606276670448,gumbel_soft
37,0.074047364,train,0.075529166,0.9723626161117557,gumbel_soft
37,0.074047364,val,0.07301384,0.9724476095966377,gumbel_soft
37,0.074047364,test,0.08467156,0.9736941608599362,gumbel_soft
38,0.07066735,train,0.07383807,0.9739096802952533,gumbel_soft
38,0.07066735,val,0.08466471,0.9676025917926566,gumbel_soft
38,0.07066735,test,0.0574183,0.9813644466050884,gumbel_soft
39,0.07242501,train,0.06507743,0.978249326437098,gumbel_soft
39,0.07242501,val,0.06431631,0.9777596170684724,gumbel_soft
39,0.07242501,test,0.0684103,0.9785015934748555,gumbel_soft
40,0.06726119,train,0.06562383,0.9780919978760644,gumbel_soft
40,0.06726119,val,0.06589587,0.9771175062751737,gumbel_soft
40,0.06726119,test,0.068869606,0.9754226759574354,gumbel_soft
41,0.06579695,train,0.06434098,0.976813703317666,gumbel_soft
41,0.06579695,val,0.06709527,0.974724184227424,gumbel_soft
41,0.06579695,test,0.06705629,0.9747744827958732,gumbel_soft
42,0.0647925,train,0.064158,0.9779215586016113,gumbel_soft
42,0.0647925,val,0.06295339,0.977234253692137,gumbel_soft
42,0.0647925,test,0.06890132,0.9754226759574354,gumbel_soft
43,0.065997966,train,0.06829522,0.9760926140795951,gumbel_soft
43,0.065997966,val,0.07007907,0.9754246687292044,gumbel_soft
43,0.065997966,test,0.051942017,0.9837411548641495,gumbel_soft
44,0.06786125,train,0.06450869,0.9771939140068306,gumbel_soft
44,0.06786125,val,0.055553403,0.9810285447434476,gumbel_soft
44,0.06786125,test,0.060928594,0.9787716739588397,gumbel_soft
45,0.06303987,train,0.07169744,0.9750044248657791,gumbel_soft
45,0.06303987,val,0.055049587,0.983655361625124,gumbel_soft
45,0.06303987,test,0.057135932,0.9810943661211041,gumbel_soft
46,0.060959004,train,0.06398074,0.9774889050587687,gumbel_soft
46,0.060959004,val,0.08466829,0.9691203082131807,gumbel_soft
46,0.060959004,test,0.062323984,0.9775293037325122,gumbel_soft
47,0.0618608,train,0.06770143,0.9761909444302411,gumbel_soft
47,0.0618608,val,0.07175592,0.9726811044305644,gumbel_soft
47,0.0618608,test,0.05895828,0.9797979797979798,gumbel_soft
48,0.061597236,train,0.060279068,0.9781182193029033,gumbel_soft
48,0.061597236,val,0.067069955,0.9750744264783142,gumbel_soft
48,0.061597236,test,0.065371275,0.9770971749581375,gumbel_soft
49,0.06361708,train,0.06368084,0.977062806872636,gumbel_soft
49,0.06361708,val,0.12226061,0.9574455665168408,gumbel_soft
49,0.06361708,test,0.082181945,0.9703991789553287,gumbel_soft
50,0.061245874,train,0.059435524,0.9804650370049887,gumbel_soft
50,0.061245874,val,0.064154774,0.9792189597805149,gumbel_soft
50,0.061245874,test,0.05580903,0.9803381407659483,gumbel_soft
51,0.06325292,train,0.05996438,0.9793768477911725,gumbel_soft
51,0.06325292,val,0.06442943,0.9758916583970579,gumbel_soft
51,0.06325292,test,0.044835526,0.9857397504456328,gumbel_soft
52,0.06258157,train,0.05903901,0.9786819799799407,gumbel_soft
52,0.06258157,val,0.0663914,0.9744323156850154,gumbel_soft
52,0.06258157,test,0.106588334,0.9627288932101766,gumbel_soft
53,0.06091091,train,0.05667756,0.9804847030751178,gumbel_soft
53,0.06091091,val,0.066183046,0.9763002743564299,gumbel_soft
53,0.06091091,test,0.065912865,0.9788256900556366,gumbel_soft
54,0.061425265,train,0.053656053,0.9809566887582187,gumbel_soft
54,0.061425265,val,0.052061148,0.9820792714961182,gumbel_soft
54,0.061425265,test,0.06950495,0.9757467725382164,gumbel_soft
55,0.055576995,train,0.05823692,0.9789179728214911,gumbel_soft
55,0.055576995,val,0.0634859,0.9788687175296247,gumbel_soft
55,0.055576995,test,0.054424766,0.9807162534435262,gumbel_soft
56,0.056187797,train,0.05350288,0.9815860030023533,gumbel_soft
56,0.056187797,val,0.056621253,0.9826630085809351,gumbel_soft
56,0.056187797,test,0.051892865,0.9831469777993842,gumbel_soft
57,0.056702428,train,0.057523254,0.9796062852760133,gumbel_soft
57,0.056702428,val,0.049939916,0.9822543926215632,gumbel_soft
57,0.056702428,test,0.05163507,0.9846594285096959,gumbel_soft
58,0.05642396,train,0.059617687,0.9790031924587176,gumbel_soft
58,0.05642396,val,0.05548066,0.980152939116222,gumbel_soft
58,0.05642396,test,0.05194819,0.9817965753794631,gumbel_soft
59,0.055426363,train,0.057561163,0.9797832799071762,gumbel_soft
59,0.055426363,val,0.04817934,0.9823127663300449,gumbel_soft
59,0.055426363,test,0.05608656,0.9791497866364176,gumbel_soft
60,0.060699012,train,0.055584393,0.979639062059562,gumbel_soft
60,0.060699012,val,0.07045312,0.9750744264783142,gumbel_soft
60,0.060699012,test,0.048728995,0.9816885431858694,gumbel_soft
61,0.055570193,train,0.057492677,0.9794489567149797,gumbel_soft
61,0.055570193,val,0.054631222,0.9796275757398868,gumbel_soft
61,0.055570193,test,0.065380126,0.975908820828607,gumbel_soft
62,0.05423572,train,0.055954173,0.9795931745625939,gumbel_soft
62,0.05423572,val,0.052587748,0.9808534236180024,gumbel_soft
62,0.05423572,test,0.060034554,0.9768811105709502,gumbel_soft
63,0.055997983,train,0.05435588,0.9802224888067285,gumbel_soft
63,0.055997983,val,0.062159505,0.9765337691903566,gumbel_soft
63,0.055997983,test,0.049893335,0.9811483822179009,gumbel_soft
64,0.05289624,train,0.054209314,0.9800848263158239,gumbel_soft
64,0.05289624,val,0.04967247,0.9821960189130815,gumbel_soft
64,0.05289624,test,0.05422863,0.980770269540323,gumbel_soft
65,0.05499508,train,0.053280186,0.980753472700217,gumbel_soft
65,0.05499508,val,0.05840477,0.9778763644854358,gumbel_soft
65,0.05499508,test,0.05414386,0.9798519958947767,gumbel_soft
66,0.0537689,train,0.055286262,0.980058604888985,gumbel_soft
66,0.0537689,val,0.046695657,0.9851147043371665,gumbel_soft
66,0.0537689,test,0.056802098,0.9798519958947767,gumbel_soft
67,0.053553395,train,0.055394612,0.9806616977062806,gumbel_soft
67,0.053553395,val,0.05136293,0.9810285447434476,gumbel_soft
67,0.053553395,test,0.05185871,0.9819046075730568,gumbel_soft
68,0.05340715,train,0.054877732,0.9791408549496221,gumbel_soft
68,0.05340715,val,0.052697163,0.9818457766621913,gumbel_soft
68,0.05340715,test,0.056024704,0.9797979797979798,gumbel_soft
69,0.05228874,train,0.050032232,0.9818941047677109,gumbel_soft
69,0.05228874,val,0.06876153,0.9732648415153815,gumbel_soft
69,0.05228874,test,0.052964788,0.9805542051531356,gumbel_soft
70,0.05425046,train,0.055327386,0.9801372691695018,gumbel_soft
70,0.05425046,val,0.056149013,0.9786935964041795,gumbel_soft
70,0.05425046,test,0.049529467,0.9830929617025874,gumbel_soft
71,0.053544577,train,0.052280083,0.9812582351668666,gumbel_soft
71,0.053544577,val,0.05108113,0.9803280602416672,gumbel_soft
71,0.053544577,test,0.0447706,0.9843353319289149,gumbel_soft
72,0.05661211,train,0.055878405,0.9790294138855565,gumbel_soft
72,0.05661211,val,0.053919397,0.978401727861771,gumbel_soft
72,0.05661211,test,0.04722242,0.983579106573759,gumbel_soft
73,0.05335739,train,0.049547434,0.9818416619140331,gumbel_soft
73,0.05335739,val,0.060230277,0.9767088903158018,gumbel_soft
73,0.05335739,test,0.045921378,0.9842272997353211,gumbel_soft
74,0.052826267,train,0.050133284,0.9812057923131887,gumbel_soft
74,0.052826267,val,0.04911708,0.9813787869943378,gumbel_soft
74,0.052826267,test,0.04500711,0.9826608329282126,gumbel_soft
75,0.05412255,train,0.054670487,0.9800258281054364,gumbel_soft
75,0.05412255,val,0.058259998,0.9784601015702528,gumbel_soft
75,0.05412255,test,0.053294837,0.9796899476043861,gumbel_soft
76,0.053827748,train,0.053153187,0.980307708443955,gumbel_soft
76,0.053827748,val,0.057717573,0.9787519701126612,gumbel_soft
76,0.053827748,test,0.055706456,0.9784475773780587,gumbel_soft
77,0.05390873,train,0.051824365,0.9808976905478312,gumbel_soft
77,0.05390873,val,0.049254727,0.9823711400385267,gumbel_soft
77,0.05390873,test,0.044227436,0.9838491870577432,gumbel_soft
78,0.053196028,train,0.057010926,0.9785574282024556,gumbel_soft
78,0.053196028,val,0.05596466,0.978810343821143,gumbel_soft
78,0.053196028,test,0.04610527,0.9826608329282126,gumbel_soft
79,0.05412585,train,0.058245275,0.9779805568119989,gumbel_soft
79,0.05412585,val,0.074118346,0.9718638725118207,gumbel_soft
79,0.05412585,test,0.04844977,0.9820126397666504,gumbel_soft
80,0.056535833,train,0.052312925,0.9798422781175637,gumbel_soft
80,0.056535833,val,0.05148407,0.9787519701126612,gumbel_soft
80,0.056535833,test,0.053429678,0.9801760924755577,gumbel_soft
81,0.058122084,train,0.05870532,0.9786295371262628,gumbel_soft
81,0.058122084,val,0.054058082,0.9786935964041795,gumbel_soft
81,0.058122084,test,0.05822989,0.9778534003132934,gumbel_soft
82,0.057249174,train,0.05545164,0.978872085324523,gumbel_soft
82,0.057249174,val,0.075305924,0.9693538030471076,gumbel_soft
82,0.057249174,test,0.058711663,0.9761248852157943,gumbel_soft
83,0.057970453,train,0.07360886,0.975797623027657,gumbel_soft
83,0.057970453,val,0.0558018,0.9790438386550697,gumbel_soft
83,0.057970453,test,0.055690955,0.9781234807972776,gumbel_soft
84,0.055678792,train,0.055671014,0.9785705389158751,gumbel_soft
84,0.055678792,val,0.060240984,0.9775261222345456,gumbel_soft
84,0.055678792,test,0.06029732,0.9773672554421218,gumbel_soft
85,0.05907531,train,0.058287155,0.9775216818423175,gumbel_soft
85,0.05907531,val,0.055623516,0.978226606736326,gumbel_soft
85,0.05907531,test,0.051221576,0.9808783017339167,gumbel_soft
86,0.06066623,train,0.05892947,0.9778756711046431,gumbel_soft
86,0.06066623,val,0.054990653,0.9796275757398868,gumbel_soft
86,0.06066623,test,0.07318251,0.9726138389239993,gumbel_soft
87,0.063915044,train,0.05711401,0.978275547863937,gumbel_soft
87,0.063915044,val,0.05170934,0.9797443231568501,gumbel_soft
87,0.063915044,test,0.07635347,0.9714254847944688,gumbel_soft
88,0.05791753,train,0.06213871,0.9757910676709474,gumbel_soft
88,0.05791753,val,0.05314097,0.9781682330278443,gumbel_soft
88,0.05791753,test,0.07187198,0.9736941608599362,gumbel_soft
89,0.061874036,train,0.06434891,0.9749519820121012,gumbel_soft
89,0.061874036,val,0.07428041,0.9715136302609305,gumbel_soft
89,0.061874036,test,0.06063507,0.9760708691189974,gumbel_soft
90,0.064157516,train,0.06447893,0.9748602070181649,gumbel_soft
90,0.064157516,val,0.06713305,0.974140447142607,gumbel_soft
90,0.064157516,test,0.064913236,0.9763949656997786,gumbel_soft
91,0.06640408,train,0.06900524,0.9735229142493789,gumbel_soft
91,0.06640408,val,0.06833401,0.9730313466814546,gumbel_soft
91,0.06640408,test,0.060681008,0.9780694647004807,gumbel_soft
92,0.06786131,train,0.06897372,0.9735425803195081,gumbel_soft
92,0.06786131,val,0.065861866,0.9730897203899364,gumbel_soft
92,0.06786131,test,0.06315323,0.9763949656997786,gumbel_soft
93,0.06826467,train,0.07041986,0.972283951831239,gumbel_soft
93,0.06826467,val,0.07399092,0.9718638725118207,gumbel_soft
93,0.06826467,test,0.079237126,0.9682925511802517,gumbel_soft
94,0.07054783,train,0.06956944,0.9732606999809895,gumbel_soft
94,0.07054783,val,0.07337159,0.971980619928784,gumbel_soft
94,0.07054783,test,0.05573903,0.9777453681196997,gumbel_soft
95,0.06782151,train,0.06688073,0.9744406641887419,gumbel_soft
95,0.06782151,val,0.062398713,0.9767672640242835,gumbel_soft
95,0.06782151,test,0.07607608,0.9704531950521256,gumbel_soft
96,0.07275841,train,0.070293196,0.9724478357489823,gumbel_soft
96,0.07275841,val,0.07197632,0.9723308621796742,gumbel_soft
96,0.07275841,test,0.07188405,0.971695565278453,gumbel_soft
97,0.06999399,train,0.071307376,0.9720282929195592,gumbel_soft
97,0.06999399,val,0.08820871,0.9670188547078395,gumbel_soft
97,0.06999399,test,0.07117122,0.9732080159887646,gumbel_soft
98,0.073632486,train,0.07321376,0.9714907536693609,gumbel_soft
98,0.073632486,val,0.078452945,0.9696456715895161,gumbel_soft
98,0.073632486,test,0.074970655,0.9700750823745476,gumbel_soft
99,0.07297404,train,0.07700529,0.9708155519282582,gumbel_soft
99,0.07297404,val,0.07603948,0.9706963983421867,gumbel_soft
99,0.07297404,test,0.07359349,0.9711013882136876,gumbel_soft
100,0.07415675,train,0.078707665,0.9692553770313411,gumbel_soft
100,0.07415675,val,0.06653533,0.9739653260171619,gumbel_soft
100,0.07415675,test,0.07711598,0.9730999837951709,gumbel_soft
101,0.08176107,train,0.0803444,0.9692226002477925,gumbel_soft
101,0.08176107,val,0.07042784,0.9721557410542292,gumbel_soft
101,0.08176107,test,0.081569,0.9675903419218927,gumbel_soft
102,0.0825666,train,0.08325278,0.9674854307197126,gumbel_soft
102,0.0825666,val,0.07910258,0.9670772284163213,gumbel_soft
102,0.0825666,test,0.07680408,0.9698050018905634,gumbel_soft
103,0.08809856,train,0.08433836,0.9670527771768701,gumbel_soft
103,0.08809856,val,0.08597641,0.964800653785535,gumbel_soft
103,0.08809856,test,0.10071832,0.9639712634365041,gumbel_soft
104,0.085592546,train,0.087391056,0.9660104754600222,gumbel_soft
104,0.085592546,val,0.08645801,0.9663183702060592,gumbel_soft
104,0.085592546,test,0.08470014,0.9689407443418139,gumbel_soft
105,0.085845545,train,0.088807374,0.9660760290271195,gumbel_soft
105,0.085845545,val,0.08032271,0.9682447025859553,gumbel_soft
105,0.085845545,test,0.07660382,0.9696429536001728,gumbel_soft
106,0.08678146,train,0.08458836,0.966954446826224,gumbel_soft
106,0.08678146,val,0.08615996,0.9661432490806141,gumbel_soft
106,0.08678146,test,0.08220311,0.9686166477610327,gumbel_soft
107,0.09052716,train,0.08916196,0.9650533933804007,gumbel_soft
107,0.09052716,val,0.08419296,0.9680112077520285,gumbel_soft
107,0.09052716,test,0.096347645,0.9621347161454114,gumbel_soft
108,0.087803744,train,0.08959977,0.9647452916150432,gumbel_soft
108,0.087803744,val,0.08182648,0.9681279551689919,gumbel_soft
108,0.087803744,test,0.08527824,0.9659698590179874,gumbel_soft
109,0.09304145,train,0.09670583,0.9625033596203137,gumbel_soft
109,0.09304145,val,0.09101755,0.9633996847819742,gumbel_soft
109,0.09304145,test,0.08154019,0.9671582131475179,gumbel_soft
110,0.08996009,train,0.095069215,0.9630736756540608,gumbel_soft
110,0.08996009,val,0.12523542,0.9526005487128597,gumbel_soft
110,0.08996009,test,0.09115406,0.9637551990493167,gumbel_soft
111,0.09340633,train,0.098946765,0.9612643972021737,gumbel_soft
111,0.09340633,val,0.09779326,0.9622905843208219,gumbel_soft
111,0.09340633,test,0.09990462,0.9605682493383028,gumbel_soft
112,0.09889315,train,0.09723116,0.9623329203458606,gumbel_soft
112,0.09889315,val,0.09402669,0.96188196836145,gumbel_soft
112,0.09889315,test,0.08341064,0.96678010046994,gumbel_soft
113,0.09732154,train,0.100733705,0.9610939579277207,gumbel_soft
113,0.09732154,val,0.11358183,0.9578541824762127,gumbel_soft
113,0.09732154,test,0.09903159,0.9612164424998649,gumbel_soft
114,0.10109936,train,0.09766411,0.9607727454489436,gumbel_soft
114,0.10109936,val,0.09539932,0.9604809993578892,gumbel_soft
114,0.10109936,test,0.110941865,0.95667909036893,gumbel_soft
115,0.10318347,train,0.09989708,0.9604122008299082,gumbel_soft
115,0.10318347,val,0.098687895,0.9608896153172611,gumbel_soft
115,0.10318347,test,0.10823262,0.9597580078863501,gumbel_soft
116,0.10016157,train,0.107018605,0.9579801634905963,gumbel_soft
116,0.10016157,val,0.11078576,0.9561613449302434,gumbel_soft
116,0.10016157,test,0.09741441,0.9614865229838492,gumbel_soft
117,0.10650504,train,0.100440085,0.9602483169121647,gumbel_soft
117,0.10650504,val,0.10843328,0.9576206876422859,gumbel_soft
117,0.10650504,test,0.10616785,0.9594339113055691,gumbel_soft
118,0.10366193,train,0.10061909,0.9597369990888054,gumbel_soft
118,0.10366193,val,0.11842051,0.9557527289708715,gumbel_soft
118,0.10366193,test,0.10415036,0.9593258791119754,gumbel_soft
119,0.10349554,train,0.10670174,0.9580916045546618,gumbel_soft
119,0.10349554,val,0.121223986,0.9514330745432257,gumbel_soft
119,0.10349554,test,0.11525772,0.9543563982066656,gumbel_soft
120,0.11011875,train,0.10560666,0.9574491795971077,gumbel_soft
120,0.11011875,val,0.11533584,0.9520168116280427,gumbel_soft
120,0.11011875,test,0.11211126,0.9553286879490088,gumbel_soft
121,0.110017486,train,0.10524295,0.9575212885209149,gumbel_soft
121,0.110017486,val,0.10838433,0.9553441130114996,gumbel_soft
121,0.110017486,test,0.10058856,0.9594339113055691,gumbel_soft
122,0.10831517,train,0.10877856,0.9556923439988987,gumbel_soft
122,0.10831517,val,0.12214898,0.9529507909637499,gumbel_soft
122,0.10831517,test,0.121177025,0.9534381245611192,gumbel_soft
123,0.111349136,train,0.1048271,0.9580260509875644,gumbel_soft
123,0.111349136,val,0.12358819,0.950615842624482,gumbel_soft
123,0.111349136,test,0.102550656,0.9577594123048668,gumbel_soft
124,0.112859905,train,0.11404616,0.9546631529954702,gumbel_soft
124,0.112859905,val,0.09924629,0.9593135251882552,gumbel_soft
124,0.112859905,test,0.114457905,0.9539782855290877,gumbel_soft
125,0.111457944,train,0.11375416,0.9551744708188296,gumbel_soft
125,0.111457944,val,0.10069977,0.9597221411476271,gumbel_soft
125,0.111457944,test,0.107188895,0.9569491708529142,gumbel_soft
126,0.115177184,train,0.11744992,0.9523360013635142,gumbel_soft
126,0.115177184,val,0.12076517,0.9508493374584087,gumbel_soft
126,0.115177184,test,0.1225336,0.9500891265597148,gumbel_soft
127,0.11313237,train,0.114976525,0.95367984948901,gumbel_soft
127,0.11313237,val,0.11940173,0.9531259120891951,gumbel_soft
127,0.11313237,test,0.11704912,0.954248366013072,gumbel_soft
128,0.1178011,train,0.11480015,0.9546500422820507,gumbel_soft
128,0.1178011,val,0.12545067,0.9492148736209212,gumbel_soft
128,0.1178011,test,0.11805672,0.953870253335494,gumbel_soft
129,0.119240664,train,0.1161727,0.9527162120526789,gumbel_soft
129,0.119240664,val,0.12779115,0.9493316210378845,gumbel_soft
129,0.119240664,test,0.1427874,0.9452816939447956,gumbel_soft
130,0.12017158,train,0.121538356,0.9511167050155034,gumbel_soft
130,0.12017158,val,0.13724233,0.9477555309088787,gumbel_soft
130,0.12017158,test,0.119408146,0.9530600118835413,gumbel_soft
131,0.11829683,train,0.12293062,0.9491894301428412,gumbel_soft
131,0.11829683,val,0.12590903,0.9465880567392446,gumbel_soft
131,0.11829683,test,0.13854171,0.9465780802679198,gumbel_soft
132,0.12199519,train,0.12130733,0.9510577068051158,gumbel_soft
132,0.12199519,val,0.1277015,0.9475220360749519,gumbel_soft
132,0.12199519,test,0.11541279,0.9525198509155728,gumbel_soft
133,0.11881172,train,0.11492321,0.9527489888362275,gumbel_soft
133,0.11881172,val,0.10871231,0.9546436285097192,gumbel_soft
133,0.11881172,test,0.13061042,0.9484146275590126,gumbel_soft
134,0.12606171,train,0.118960336,0.9517263531895088,gumbel_soft
134,0.12606171,val,0.1080005,0.955285739303018,gumbel_soft
134,0.12606171,test,0.119318575,0.9515475611732296,gumbel_soft
135,0.12641838,train,0.12823428,0.9468622785108852,gumbel_soft
135,0.12641838,val,0.13729352,0.9430856342303426,gumbel_soft
135,0.12641838,test,0.13758272,0.941986712040188,gumbel_soft
136,0.12395007,train,0.12066037,0.9513854746406025,gumbel_soft
136,0.12395007,val,0.12056376,0.9498569844142198,gumbel_soft
136,0.12395007,test,0.11358816,0.9519796899476044,gumbel_soft
137,0.12574817,train,0.12841219,0.9487436658865792,gumbel_soft
137,0.12574817,val,0.110628024,0.954877123343646,gumbel_soft
137,0.12574817,test,0.12371378,0.9509533841084643,gumbel_soft
138,0.12882324,train,0.13478835,0.9464624017515914,gumbel_soft
138,0.12882324,val,0.13358131,0.9456540774035375,gumbel_soft
138,0.12882324,test,0.14521416,0.9431210500729217,gumbel_soft
139,0.12818901,train,0.12284526,0.9496876372527812,gumbel_soft
139,0.12818901,val,0.13719857,0.9462961881968361,gumbel_soft
139,0.12818901,test,0.11628192,0.9513314967860422,gumbel_soft
140,0.12786274,train,0.12704301,0.9484683409047703,gumbel_soft
140,0.12786274,val,0.118013926,0.9493899947463662,gumbel_soft
140,0.12786274,test,0.13644141,0.9454437422351861,gumbel_soft
141,0.12615071,train,0.12516671,0.9491173212190341,gumbel_soft
141,0.12615071,val,0.12808838,0.9485143891191408,gumbel_soft
141,0.12615071,test,0.12279986,0.9496569977853401,gumbel_soft
142,0.1279072,train,0.1276794,0.9476882534563118,gumbel_soft
142,0.1279072,val,0.12698773,0.9496818632887747,gumbel_soft
142,0.1279072,test,0.11699623,0.9519796899476044,gumbel_soft
143,0.14042857,train,0.12878413,0.9480029105783792,gumbel_soft
143,0.14042857,val,0.13752326,0.9451287140272021,gumbel_soft
143,0.14042857,test,0.12765686,0.9504672392372927,gumbel_soft
144,0.14031485,train,0.13502382,0.945354546467646,gumbel_soft
144,0.14031485,val,0.14024898,0.9425018971455257,gumbel_soft
144,0.14031485,test,0.12435493,0.9478204504942472,gumbel_soft
145,0.13202037,train,0.1348087,0.9447776750771893,gumbel_soft
145,0.13202037,val,0.13009208,0.9467048041562081,gumbel_soft
145,0.13202037,test,0.1379639,0.9431750661697186,gumbel_soft
146,0.13583213,train,0.13623339,0.9433223858876281,gumbel_soft
146,0.13583213,val,0.14077707,0.9396999591384041,gumbel_soft
146,0.13583213,test,0.1425262,0.9398260681683142,gumbel_soft
147,0.1332302,train,0.13751318,0.9437222626469219,gumbel_soft
147,0.1332302,val,0.13928483,0.9416262915183001,gumbel_soft
147,0.1332302,test,0.13898505,0.9411764705882353,gumbel_soft
148,0.13395429,train,0.14324498,0.9416704359967748,gumbel_soft
148,0.13395429,val,0.1470957,0.9391745957620687,gumbel_soft
148,0.13395429,test,0.1413022,0.9410684383946416,gumbel_soft
149,0.1351279,train,0.13512358,0.9452955482572584,gumbel_soft
149,0.1351279,val,0.15709755,0.9357305469616485,gumbel_soft
149,0.1351279,test,0.12625346,0.9478204504942472,gumbel_soft
150,0.14000408,train,0.13755299,0.9435518233724688,gumbel_soft
150,0.14000408,val,0.13594331,0.9429688868133792,gumbel_soft
150,0.14000408,test,0.145292,0.9412304866850322,gumbel_soft
151,0.13768332,train,0.1378943,0.9432306108936918,gumbel_soft
151,0.13768332,val,0.14283189,0.9423267760200805,gumbel_soft
151,0.13768332,test,0.20411874,0.9404202452330794,gumbel_soft
152,0.13545199,train,0.14132665,0.9422538627439412,gumbel_soft
152,0.13545199,val,0.15407933,0.9374817582160995,gumbel_soft
152,0.13545199,test,0.13593137,0.9463620158807324,gumbel_soft
153,0.14037664,train,0.14152302,0.9421686431067147,gumbel_soft
153,0.14037664,val,0.13707958,0.9416262915183001,gumbel_soft
153,0.14037664,test,0.13888423,0.9438232593312808,gumbel_soft
154,0.14076029,train,0.14330786,0.9419064288383252,gumbel_soft
154,0.14076029,val,0.1424925,0.9421516548946355,gumbel_soft
154,0.14076029,test,0.14937784,0.9401501647490952,gumbel_soft
155,0.1413301,train,0.13688809,0.94302739483569,gumbel_soft
155,0.1413301,val,0.13183036,0.9445449769423852,gumbel_soft
155,0.1413301,test,0.14805025,0.938475665748393,gumbel_soft
156,0.14099976,train,0.14091383,0.9419523163352934,gumbel_soft
156,0.14099976,val,0.14816839,0.9403420699317028,gumbel_soft
156,0.14099976,test,0.13850136,0.9433911305569059,gumbel_soft
157,0.14731716,train,0.14951469,0.9392908415111408,gumbel_soft
157,0.14731716,val,0.13575865,0.9439028661490865,gumbel_soft
157,0.14731716,test,0.1492073,0.9376654242964403,gumbel_soft
158,0.14234686,train,0.1433576,0.940477361075603,gumbel_soft
158,0.14234686,val,0.15688142,0.9343879516665694,gumbel_soft
158,0.14234686,test,0.15344733,0.9371792794252687,gumbel_soft
159,0.14442186,train,0.14645328,0.9397431611241126,gumbel_soft
159,0.14442186,val,0.14707343,0.9381238690093981,gumbel_soft
159,0.14442186,test,0.13867375,0.9433911305569059,gumbel_soft
160,0.14686863,train,0.14622584,0.9390548486695903,gumbel_soft
160,0.14686863,val,0.15572713,0.9355554258362033,gumbel_soft
160,0.14686863,test,0.1519317,0.9386377140387836,gumbel_soft
161,0.14798036,train,0.14426212,0.9394743914990135,gumbel_soft
161,0.14798036,val,0.14328857,0.9387076060942152,gumbel_soft
161,0.14798036,test,0.18073764,0.9276184302922271,gumbel_soft
162,0.14567415,train,0.14426707,0.9401692593102454,gumbel_soft
162,0.14567415,val,0.14126718,0.9418014126437453,gumbel_soft
162,0.14567415,test,0.15368961,0.938151569167612,gumbel_soft
163,0.14879777,train,0.15974253,0.93485286501865,gumbel_soft
163,0.14879777,val,0.15145119,0.9377152530500262,gumbel_soft
163,0.14879777,test,0.15600425,0.9360989574893318,gumbel_soft
164,0.15575789,train,0.14779735,0.9393039522245603,gumbel_soft
164,0.15575789,val,0.15383662,0.9347965676259413,gumbel_soft
164,0.15575789,test,0.1529617,0.9378814886836278,gumbel_soft
165,0.15142554,train,0.1535429,0.9352330757078147,gumbel_soft
165,0.15142554,val,0.16039191,0.9335123460393439,gumbel_soft
165,0.15142554,test,0.15524933,0.9359369091989412,gumbel_soft
166,0.14823759,train,0.15254499,0.9361246042203386,gumbel_soft
166,0.14823759,val,0.16409339,0.9319946296188197,gumbel_soft
166,0.14823759,test,0.1711196,0.9282666234537892,gumbel_soft
167,0.15203145,train,0.15315089,0.9370423541597016,gumbel_soft
167,0.15203145,val,0.15035975,0.9375401319245812,gumbel_soft
167,0.15203145,test,0.14493024,0.9399881164587047,gumbel_soft
168,0.15219235,train,0.15234669,0.9367080309675051,gumbel_soft
168,0.15219235,val,0.172156,0.9286673282353628,gumbel_soft
168,0.15219235,test,0.14561817,0.9408523740074543,gumbel_soft
169,0.15366738,train,0.1502766,0.9375930041233194,gumbel_soft
169,0.15366738,val,0.15821566,0.9346214465004962,gumbel_soft
169,0.15366738,test,0.14602411,0.9410144222978447,gumbel_soft
170,0.15475564,train,0.15011999,0.9380059915960327,gumbel_soft
170,0.15475564,val,0.15837117,0.935613799544685,gumbel_soft
170,0.15475564,test,0.1422569,0.94058229352347,gumbel_soft
171,0.1549878,train,0.15575112,0.9360000524428537,gumbel_soft
171,0.1549878,val,0.14923808,0.9352635572937948,gumbel_soft
171,0.1549878,test,0.14927097,0.9398260681683142,gumbel_soft
172,0.15865424,train,0.15505779,0.9360262738696926,gumbel_soft
172,0.15865424,val,0.14950415,0.9360807892125387,gumbel_soft
172,0.15865424,test,0.14936443,0.9373413277156593,gumbel_soft
173,0.15540645,train,0.15542573,0.9365244809796325,gumbel_soft
173,0.15540645,val,0.14942902,0.9392913431790322,gumbel_soft
173,0.15540645,test,0.1535078,0.9368011667476908,gumbel_soft
174,0.15446241,train,0.15440387,0.9367801398913121,gumbel_soft
174,0.15446241,val,0.1579598,0.9338042145817523,gumbel_soft
174,0.15446241,test,0.15754303,0.9359369091989412,gumbel_soft
175,0.16033947,train,0.16597027,0.9332730240516037,gumbel_soft
175,0.16033947,val,0.16190545,0.9333955986223805,gumbel_soft
175,0.16033947,test,0.15812413,0.9369091989412845,gumbel_soft
176,0.17334361,train,0.16024333,0.9334631293961861,gumbel_soft
176,0.17334361,val,0.16120212,0.9326951141206001,gumbel_soft
176,0.17334361,test,0.15495874,0.9368011667476908,gumbel_soft
177,0.1595301,train,0.15489411,0.9357050613909156,gumbel_soft
177,0.1595301,val,0.15908462,0.9321697507442648,gumbel_soft
177,0.1595301,test,0.1643838,0.9340463458110517,gumbel_soft
178,0.16263738,train,0.15832464,0.9350429703632324,gumbel_soft
178,0.16263738,val,0.15597785,0.933862588290234,gumbel_soft
178,0.16263738,test,0.15625805,0.9360989574893318,gumbel_soft
179,0.16286342,train,0.15766963,0.9338695615121897,gumbel_soft
179,0.16286342,val,0.15638685,0.9360807892125387,gumbel_soft
179,0.16286342,test,0.15857515,0.9318316858423811,gumbel_soft
180,0.16915141,train,0.166775,0.9312933063252636,gumbel_soft
180,0.16915141,val,0.16219169,0.9311773977000759,gumbel_soft
180,0.16915141,test,0.16256985,0.9335061848430832,gumbel_soft
181,0.16250952,train,0.16547002,0.9317194045113965,gumbel_soft
181,0.16250952,val,0.17124707,0.9282587122759909,gumbel_soft
181,0.16250952,test,0.15688622,0.9361529735861287,gumbel_soft
182,0.16616844,train,0.16056967,0.9339416704359967,gumbel_soft
182,0.16616844,val,0.16348478,0.930943902866149,gumbel_soft
182,0.16616844,test,0.17506851,0.9281585912601955,gumbel_soft
183,0.16688256,train,0.16099222,0.9336597900974781,gumbel_soft
183,0.16688256,val,0.17088963,0.9284922071099176,gumbel_soft
183,0.16688256,test,0.1712562,0.930427267325663,gumbel_soft
184,0.16529053,train,0.16561693,0.9321127259139806,gumbel_soft
184,0.16529053,val,0.16045803,0.9316443873679295,gumbel_soft
184,0.16529053,test,0.15467963,0.9378274725868309,gumbel_soft
185,0.16661622,train,0.1661386,0.9308082099287432,gumbel_soft
185,0.16661622,val,0.16562775,0.9305352869067772,gumbel_soft
185,0.16661622,test,0.17241459,0.9289688327121483,gumbel_soft
186,0.1684832,train,0.16546722,0.9316014080906212,gumbel_soft
186,0.1684832,val,0.1691767,0.9273247329402837,gumbel_soft
186,0.1684832,test,0.16637571,0.9336142170366769,gumbel_soft
187,0.16961092,train,0.17073783,0.9291431493244705,gumbel_soft
187,0.16961092,val,0.18112223,0.9254567742688693,gumbel_soft
187,0.16961092,test,0.17965052,0.9258899151947281,gumbel_soft
188,0.1697153,train,0.16654897,0.931358859892361,gumbel_soft
188,0.1697153,val,0.17406897,0.927441480357247,gumbel_soft
188,0.1697153,test,0.16765784,0.9327499594879274,gumbel_soft
189,0.16856162,train,0.16744556,0.931857067002301,gumbel_soft
189,0.16856162,val,0.17403416,0.9279668437335824,gumbel_soft
189,0.16856162,test,0.1740504,0.928698752228164,gumbel_soft
190,0.16852412,train,0.17233323,0.9280025172569766,gumbel_soft
190,0.16852412,val,0.17253117,0.9282587122759909,gumbel_soft
190,0.16852412,test,0.17201303,0.9290768649057419,gumbel_soft
191,0.1693218,train,0.169735,0.9300019010534458,gumbel_soft
191,0.1693218,val,0.16338423,0.9318195084933746,gumbel_soft
191,0.1693218,test,0.16859618,0.930805380003241,gumbel_soft
192,0.17484227,train,0.16810256,0.931162199191069,gumbel_soft
192,0.17484227,val,0.17093655,0.9298348024049968,gumbel_soft
192,0.17484227,test,0.17123869,0.9306973478096473,gumbel_soft
193,0.17196879,train,0.17101246,0.929477472516667,gumbel_soft
193,0.17196879,val,0.16434656,0.9329286089545269,gumbel_soft
193,0.17196879,test,0.17703126,0.9281045751633987,gumbel_soft
194,0.17080913,train,0.16978258,0.9304607760231273,gumbel_soft
194,0.17080913,val,0.18026577,0.9265075010215399,gumbel_soft
194,0.17080913,test,0.16523641,0.9309674282936315,gumbel_soft
195,0.17387366,train,0.17753439,0.9286646082846598,gumbel_soft
195,0.17387366,val,0.17442366,0.9286673282353628,gumbel_soft
195,0.17387366,test,0.16664359,0.9319397180359748,gumbel_soft
196,0.17219338,train,0.18075985,0.9249018335332717,gumbel_soft
196,0.17219338,val,0.17568824,0.9254567742688693,gumbel_soft
196,0.17219338,test,0.17971615,0.9257818830011343,gumbel_soft
197,0.17612794,train,0.1705773,0.9294250296629891,gumbel_soft
197,0.17612794,val,0.17733787,0.9305352869067772,gumbel_soft
197,0.17612794,test,0.18290347,0.9273483498082429,gumbel_soft
198,0.17399667,train,0.17718652,0.9268356637626436,gumbel_soft
198,0.17399667,val,0.180923,0.9248146634755706,gumbel_soft
198,0.17399667,test,0.17358,0.9302112029384757,gumbel_soft
199,0.17934538,train,0.17202073,0.9295692475106033,gumbel_soft
199,0.17934538,val,0.17161289,0.9288424493608078,gumbel_soft
199,0.17934538,test,0.17717989,0.9295089936801166,gumbel_soft
200,0.17559704,train,0.1727762,0.9289727100500174,gumbel_soft
200,0.17559704,val,0.18423644,0.922596462553266,gumbel_soft
200,0.17559704,test,0.17983471,0.9254577864203533,gumbel_soft
201,0.17507058,train,0.17827183,0.9271175441011623,gumbel_soft
201,0.17507058,val,0.17054278,0.9286673282353628,gumbel_soft
201,0.17507058,test,0.18381839,0.9239453357100416,gumbel_soft
202,0.17831637,train,0.17457579,0.9275829744275534,gumbel_soft
202,0.17831637,val,0.21529245,0.921428988383632,gumbel_soft
202,0.17831637,test,0.17449652,0.928698752228164,gumbel_soft
203,0.17504007,train,0.17775725,0.9280352940405252,gumbel_soft
203,0.17504007,val,0.18102556,0.926098885062168,gumbel_soft
203,0.17504007,test,0.18542421,0.9261599956787122,gumbel_soft
204,0.17189655,train,0.19879103,0.9262325709453479,gumbel_soft
204,0.17189655,val,0.17355621,0.9275582277742105,gumbel_soft
204,0.17189655,test,0.17745999,0.9288608005185546,gumbel_soft
205,0.17345752,train,0.17264573,0.9287367172084668,gumbel_soft
205,0.17345752,val,0.17305015,0.927441480357247,gumbel_soft
205,0.17345752,test,0.16952433,0.9322638146167558,gumbel_soft
206,0.17809197,train,0.17688324,0.9273338708725836,gumbel_soft
206,0.17809197,val,0.17670983,0.9251065320179791,gumbel_soft
206,0.17809197,test,0.17374244,0.9293469453897262,gumbel_soft
207,0.18391044,train,0.17652214,0.9269798816102578,gumbel_soft
207,0.18391044,val,0.17857951,0.9262156324791314,gumbel_soft
207,0.18391044,test,0.19079371,0.9200021606438719,gumbel_soft
208,0.1751799,train,0.17228317,0.9288874904127908,gumbel_soft
208,0.1751799,val,0.17444372,0.9276166014826922,gumbel_soft
208,0.1751799,test,0.17840046,0.9276184302922271,gumbel_soft
209,0.1697955,train,0.17239098,0.9290185975469856,gumbel_soft
209,0.1697955,val,0.17126875,0.9277917226081372,gumbel_soft
209,0.1697955,test,0.18720904,0.9232971425484795,gumbel_soft
210,0.17036855,train,0.17381664,0.9282975083089147,gumbel_soft
210,0.17036855,val,0.17862965,0.925515147977351,gumbel_soft
210,0.17036855,test,0.18087381,0.9258899151947281,gumbel_soft
211,0.17216478,train,0.16744627,0.9319881741364956,gumbel_soft
211,0.17216478,val,0.16577356,0.9297764286965151,gumbel_soft
211,0.17216478,test,0.16806515,0.9299951385512882,gumbel_soft
212,0.1690946,train,0.17260492,0.9290841511140828,gumbel_soft
212,0.1690946,val,0.16899142,0.9303601657813321,gumbel_soft
212,0.1690946,test,0.17613353,0.9297250580673041,gumbel_soft
213,0.16909552,train,0.17078204,0.9307426563616459,gumbel_soft
213,0.16909552,val,0.17271972,0.9280835911505458,gumbel_soft
213,0.16909552,test,0.17268585,0.9302112029384757,gumbel_soft
214,0.17026618,train,0.17509113,0.9298576832058316,gumbel_soft
214,0.17026618,val,0.16601276,0.9315860136594478,gumbel_soft
214,0.17026618,test,0.17682016,0.9298871063576946,gumbel_soft
215,0.17158084,train,0.17157118,0.929824906422283,gumbel_soft
215,0.17158084,val,0.17599563,0.9312357714085576,gumbel_soft
215,0.17158084,test,0.1719545,0.9309134121968347,gumbel_soft
216,0.17318502,train,0.17341581,0.9293594760958918,gumbel_soft
216,0.17318502,val,0.1677802,0.9307104080322223,gumbel_soft
216,0.17318502,test,0.17279592,0.9288067844217577,gumbel_soft
217,0.17393887,train,0.17185028,0.9299166814162193,gumbel_soft
217,0.17393887,val,0.16801439,0.9306520343237406,gumbel_soft
217,0.17393887,test,0.17387824,0.9318316858423811,gumbel_soft
218,0.1772035,train,0.17657512,0.9273207601591641,gumbel_soft
218,0.1772035,val,0.17112462,0.930943902866149,gumbel_soft
218,0.1772035,test,0.17711191,0.9280505590666018,gumbel_soft
219,0.17383233,train,0.16774374,0.9313654152490708,gumbel_soft
219,0.17383233,val,0.16072612,0.9321697507442648,gumbel_soft
219,0.17383233,test,0.17467923,0.9297790741641009,gumbel_soft
220,0.16922107,train,0.17794596,0.9277993011989747,gumbel_soft
220,0.16922107,val,0.17107154,0.9291343179032164,gumbel_soft
220,0.16922107,test,0.19299975,0.9248095932587911,gumbel_soft
221,0.17016567,train,0.17980279,0.9266062262778029,gumbel_soft
221,0.17016567,val,0.1719866,0.9291343179032164,gumbel_soft
221,0.17016567,test,0.18096578,0.9292929292929293,gumbel_soft
222,0.16634743,train,0.16303237,0.934033445429933,gumbel_soft
222,0.16634743,val,0.17369148,0.9283170859844726,gumbel_soft
222,0.16634743,test,0.15778156,0.9352887160373792,gumbel_soft
223,0.16663556,train,0.16536859,0.9328534812221807,gumbel_soft
223,0.16663556,val,0.16026795,0.9343879516665694,gumbel_soft
223,0.16663556,test,0.17066486,0.9333441365526927,gumbel_soft
224,0.16864984,train,0.16046971,0.9348069775216818,gumbel_soft
224,0.16864984,val,0.16463295,0.934271204249606,gumbel_soft
224,0.16864984,test,0.16063502,0.9340463458110517,gumbel_soft
225,0.16541775,train,0.1706004,0.9345709846801313,gumbel_soft
225,0.16541775,val,0.15722883,0.9333955986223805,gumbel_soft
225,0.16541775,test,0.17522128,0.9316696375519905,gumbel_soft
226,0.16384974,train,0.1653103,0.9316341848741699,gumbel_soft
226,0.16384974,val,0.16390397,0.9314692662424844,gumbel_soft
226,0.16384974,test,0.17382465,0.9292929292929293,gumbel_soft
227,0.1626301,train,0.16179743,0.9344202114758074,gumbel_soft
227,0.1626301,val,0.15441072,0.9359640417955752,gumbel_soft
227,0.1626301,test,0.16217527,0.9344784745854264,gumbel_soft
228,0.15999478,train,0.17100234,0.9323421633988214,gumbel_soft
228,0.15999478,val,0.15547648,0.9379487478839531,gumbel_soft
228,0.15999478,test,0.1674451,0.9323178307135527,gumbel_soft
229,0.1665922,train,0.1722268,0.9312211974014566,gumbel_soft
229,0.1665922,val,0.15882336,0.9334539723308621,gumbel_soft
229,0.1665922,test,0.158937,0.9354507643277696,gumbel_soft
230,0.17010656,train,0.16523974,0.9327944830117931,gumbel_soft
230,0.17010656,val,0.173988,0.9283170859844726,gumbel_soft
230,0.17010656,test,0.16381286,0.9366931345540971,gumbel_soft
231,0.16682701,train,0.15932868,0.9345840953935508,gumbel_soft
231,0.16682701,val,0.16434295,0.9312941451170393,gumbel_soft
231,0.16682701,test,0.16058117,0.9335061848430832,gumbel_soft
232,0.16243118,train,0.16632825,0.9309786492031964,gumbel_soft
232,0.16243118,val,0.1628452,0.9310606502831125,gumbel_soft
232,0.16243118,test,0.1786264,0.9275103980986333,gumbel_soft
233,0.16386333,train,0.16261007,0.9338957829390286,gumbel_soft
233,0.16386333,val,0.15864578,0.9336290934563073,gumbel_soft
233,0.16386333,test,0.17959967,0.9281045751633987,gumbel_soft
234,0.16656958,train,0.1629173,0.9318636223590107,gumbel_soft
234,0.16656958,val,0.16675846,0.9302434183643686,gumbel_soft
234,0.16656958,test,0.17215848,0.9287527683249608,gumbel_soft
235,0.16343394,train,0.1557449,0.9350101935796836,gumbel_soft
235,0.16343394,val,0.17167576,0.92960130757107,gumbel_soft
235,0.16343394,test,0.16392037,0.932912007778318,gumbel_soft
236,0.16324972,train,0.16549252,0.9302051171114476,gumbel_soft
236,0.16324972,val,0.16596588,0.9287257019438445,gumbel_soft
236,0.16324972,test,0.16658999,0.931129476584022,gumbel_soft
237,0.1577688,train,0.15677641,0.935718172104335,gumbel_soft
237,0.1577688,val,0.15426487,0.9365477788803923,gumbel_soft
237,0.1577688,test,0.15989462,0.9335602009398801,gumbel_soft
238,0.1579062,train,0.15428422,0.9361311595770484,gumbel_soft
238,0.1579062,val,0.15533356,0.9365477788803923,gumbel_soft
238,0.1579062,test,0.15478595,0.9356668287149571,gumbel_soft
239,0.15746295,train,0.16034544,0.9340006686463844,gumbel_soft
239,0.15746295,val,0.15117137,0.9364310314634289,gumbel_soft
239,0.15746295,test,0.15519765,0.9377194403932372,gumbel_soft
240,0.16135019,train,0.16958852,0.9340465561433525,gumbel_soft
240,0.16135019,val,0.15253435,0.9348549413344229,gumbel_soft
240,0.16135019,test,0.15945575,0.936747150650894,gumbel_soft
241,0.15771644,train,0.15433145,0.9360197185129829,gumbel_soft
241,0.15771644,val,0.16363978,0.9311773977000759,gumbel_soft
241,0.15771644,test,0.16248143,0.9338302814238643,gumbel_soft
242,0.16135517,train,0.15629208,0.9356788399640766,gumbel_soft
242,0.16135517,val,0.15288158,0.937189889673691,gumbel_soft
242,0.16135517,test,0.16067062,0.9318316858423811,gumbel_soft
243,0.15622368,train,0.1776708,0.9322438330481753,gumbel_soft
243,0.15622368,val,0.15670729,0.931936255910338,gumbel_soft
243,0.15622368,test,0.15867282,0.9355587965213633,gumbel_soft
244,0.15696232,train,0.1639353,0.9306377706542902,gumbel_soft
244,0.15696232,val,0.15998787,0.9305352869067772,gumbel_soft
244,0.15696232,test,0.16523732,0.9333981526494896,gumbel_soft
245,0.15667437,train,0.15864888,0.9330894740637312,gumbel_soft
245,0.15667437,val,0.15467966,0.9335123460393439,gumbel_soft
245,0.15667437,test,0.15543263,0.9356128126181602,gumbel_soft
246,0.16004834,train,0.15762074,0.9337253436645755,gumbel_soft
246,0.16004834,val,0.15212303,0.9356721732531668,gumbel_soft
246,0.16004834,test,0.16084863,0.9343704423918328,gumbel_soft
247,0.15761712,train,0.16070688,0.9338564507987702,gumbel_soft
247,0.15761712,val,0.15105619,0.9361391629210204,gumbel_soft
247,0.15761712,test,0.16501431,0.936423054070113,gumbel_soft
248,0.15883888,train,0.16343626,0.9355608435433014,gumbel_soft
248,0.15883888,val,0.1502382,0.9375985056330629,gumbel_soft
248,0.15883888,test,0.15813369,0.934964619456598,gumbel_soft
249,0.15581492,train,0.16211951,0.933961336506126,gumbel_soft
249,0.15581492,val,0.15694891,0.9336290934563073,gumbel_soft
249,0.15581492,test,0.15897702,0.9324258629071464,gumbel_soft
250,,train,0.20355092,0.9184513625308921,argmax
250,,val,0.20707822,0.914249022240383,argmax
250,,test,0.20765509,0.9181656133527791,argmax
