feature,value,0,1,10,11,12,2,3,4,5,6,7,8,9
attn_0_0_outputs,0,-0.35203665,-1.3193654,-0.5415404,-0.4659096,-0.17525527,-0.022913417,0.003318655,-0.09689284,-0.060200818,0.007620965,0.12428531,0.2628748,-0.10203641
attn_0_0_outputs,1,-0.33685246,-0.46577305,-0.8116543,-0.8148469,-0.60036886,-0.42122877,-0.24747881,-0.26508805,-0.03593011,0.20237532,0.44533214,0.55453604,0.26590323
attn_0_0_outputs,10,-0.87939084,-0.46981946,0.024692466,-0.5679619,-0.32164782,-0.382665,-0.16947423,-0.09159371,-0.04186199,0.021796107,0.24771747,0.16950278,-0.11046217
attn_0_0_outputs,11,-0.8905096,-0.3520584,-0.047385298,0.21998039,-0.098925486,-0.15036081,0.008908967,-0.11475876,0.0256285,0.211199,0.2966614,0.50107455,-0.0364664
attn_0_0_outputs,12,-1.36859,-1.1696877,-0.779904,-0.7638267,0.52099043,-0.08047306,0.09697562,0.015772458,0.13869299,0.32769167,0.38317436,0.43867335,-0.0018506475
attn_0_0_outputs,2,-3.0983074,-1.3494277,-0.8889366,-0.77223885,-0.11588649,0.099932395,0.4270973,0.2644161,0.35849464,0.5752965,0.56628895,0.52613777,0.1312537
attn_0_0_outputs,3,-1.1703416,-1.2387196,-0.9383219,-0.74817604,-0.28228125,-0.102237225,0.44187343,0.38025397,0.43982774,0.58550924,0.6851657,0.8029512,0.3607086
attn_0_0_outputs,4,-2.159654,-1.900963,-1.5941721,-1.5503508,-0.79640716,-0.03617326,0.76801753,1.825217,0.9152555,0.69177645,0.5512181,0.5165882,0.014648134
attn_0_0_outputs,5,-1.8214055,-1.6354678,-1.4474478,-1.302735,-0.5978195,-0.46196347,-0.0135255065,0.31784648,1.1299392,0.5901764,0.6743193,0.57978684,0.08525013
attn_0_0_outputs,6,-1.5574644,-1.4518754,-1.311979,-1.3245989,-0.646782,-0.51101065,-0.12955801,0.08550875,0.35311455,1.0083313,0.7429518,0.6258701,0.016273735
attn_0_0_outputs,7,-1.9968054,-1.9194807,-1.5519248,-1.4437511,-0.95185405,-0.752322,-0.35232726,-0.048435777,0.29845163,0.645898,1.4114178,1.0538323,0.49197212
attn_0_0_outputs,8,-2.0590966,-1.742763,-1.4699252,-1.3984911,-1.0242311,-0.90110284,-0.45858517,-0.29191232,-0.009303799,0.26485625,0.60431194,1.1043798,0.48755717
attn_0_0_outputs,9,-2.3659837,-2.097929,-1.8378636,-1.8369137,-1.3228929,-1.1990879,-0.73032606,-0.5723051,-0.3421445,-0.064850606,0.39209566,0.81699854,1.4293133
attn_0_0_outputs,</s>,-0.53351074,-0.6333965,-0.7974928,-1.0338697,-0.22783281,-0.05193847,0.40120783,0.1575787,0.49540463,0.17470157,0.7594243,1.1635005,0.6766961
attn_0_0_outputs,<pad>,-0.9229103,-1.1105527,-0.678637,-0.26979873,0.02870353,0.24789111,0.58752215,-0.11240951,0.31132317,0.4461625,0.50297076,-0.044283275,-0.03513831
attn_0_0_outputs,<s>,-1.8882014,-1.4104793,-0.7756176,-0.7803202,-0.27867958,-0.15637472,0.12554199,0.037032835,0.44013807,0.5790293,0.7325867,0.69517267,0.104071416
attn_0_1_outputs,0,2.1240976,0.16268583,0.04374492,-0.58762383,-0.3632799,-1.74208,-0.4412875,-0.12374292,-0.01913478,-0.038826622,0.16586648,0.07364664,-0.35363984
attn_0_1_outputs,1,-0.6384208,-0.18664043,-0.39225465,-0.38881856,-0.19963677,-1.5153623,-0.038846385,0.19537014,0.33800536,0.3734938,0.73643005,0.6389637,0.45971322
attn_0_1_outputs,10,-0.14958435,-0.360517,-0.0657925,-0.72182983,-0.36093545,-1.6672094,-0.19074582,0.31037366,0.38864347,0.47338334,0.58814436,0.58246243,0.09051724
attn_0_1_outputs,11,-0.6085179,-0.9270233,-0.38458174,0.32352254,-0.077728145,-1.4994553,0.019053003,0.31332272,0.4286734,0.43317688,0.7137011,0.47378066,0.034816463
attn_0_1_outputs,12,-1.5503238,-1.9735152,-1.2855659,-0.8196684,0.65683556,-1.1073601,0.5391362,0.52819735,0.72927785,0.6312456,0.7083322,0.68504536,-0.37902772
attn_0_1_outputs,2,0.6480214,-0.81231266,-0.19075526,0.04432603,0.51107097,5.725634,-0.6970993,-2.169449,-3.4930336,-3.9899359,-4.314529,-5.3935614,-6.2707806
attn_0_1_outputs,3,-1.8831533,-1.4086245,-1.0826491,-0.79352266,-0.17529663,-1.3693213,0.54660696,0.750606,0.86353743,0.8541711,1.035169,0.9257849,0.13672422
attn_0_1_outputs,4,-3.1886258,-2.1128814,-1.5155566,-1.1501572,-0.6030752,-1.4003773,0.5978644,1.6637976,1.1255087,0.96712554,0.95636046,0.87692815,-0.36700734
attn_0_1_outputs,5,-3.391619,-2.5801876,-1.8114922,-1.6195476,-0.7618079,-1.6807135,0.4408117,1.0983571,1.9879979,1.1618339,1.0810976,0.7444661,-0.2924792
attn_0_1_outputs,6,-2.9690273,-2.0013301,-1.6401148,-1.279761,-0.7851067,-2.0056252,0.04198483,0.42106742,1.0107286,1.4718887,1.1246101,1.0163292,0.3559489
attn_0_1_outputs,7,-2.2939057,-2.295982,-1.722346,-1.4851193,-0.86691886,-2.085395,-0.32937607,0.2141029,0.7064071,0.8510059,1.6038444,1.0346677,0.2865137
attn_0_1_outputs,8,-2.9493268,-2.240835,-1.8629308,-1.636126,-1.0299786,-2.2516694,-0.46230054,0.13462797,0.39724517,0.61265886,1.0865119,2.281769,0.21879868
attn_0_1_outputs,9,-3.662193,-2.8737435,-2.4780605,-2.197034,-1.6866747,-2.951439,-1.2076093,-0.82102144,-0.34582505,0.018829523,0.70263034,1.265059,3.902445
attn_0_1_outputs,</s>,-0.85943663,-1.1638767,-0.72323734,-0.60360515,-0.24349329,-0.31278783,0.21452756,0.44076797,0.42916113,0.5365183,0.4265581,0.69617397,0.19341864
attn_0_1_outputs,<pad>,-1.0957587,-0.6767016,-0.79643214,-0.16639987,0.17724104,-0.7835235,-0.24388872,0.9014297,1.2495142,0.13588494,0.8666394,1.0212152,-0.06442986
attn_0_1_outputs,<s>,-0.49643037,-0.61128044,-0.34833682,-0.24684721,0.0354885,-1.3238177,0.29831704,0.8095635,0.9517186,0.992422,1.0431645,0.54242766,-0.3075593
attn_0_2_outputs,0,3.337864,1.9649453,2.4577742,1.8195981,1.4939647,0.40947622,-0.4476702,-0.85658866,-1.6187993,-1.9207146,-2.3709183,-2.629279,-3.3387182
attn_0_2_outputs,1,1.6114755,2.2055416,1.7260187,0.981107,0.9802567,0.19357611,-0.18575758,-0.6240292,-1.1579541,-1.4304724,-1.9785534,-2.0200863,-2.5221834
attn_0_2_outputs,10,1.9534357,2.17824,2.9389832,1.4713745,1.141235,0.20289667,-0.3040033,-0.7663966,-1.2423813,-1.7407719,-2.1771076,-2.4542797,-3.1023848
attn_0_2_outputs,11,1.3101691,1.5974739,2.4018033,2.9153821,1.818798,0.6625358,-0.41510922,-0.9865664,-1.6267279,-1.9968324,-2.6313913,-2.9146347,-3.7250152
attn_0_2_outputs,12,0.45115075,0.5891956,1.0656936,1.2810097,3.045552,1.2996628,0.41895863,-0.34714085,-1.2051816,-1.5499086,-2.2600737,-2.6310737,-3.2727337
attn_0_2_outputs,2,-2.4625883,-1.6379768,-0.5538207,-0.30845898,0.5487814,1.167864,0.9090078,0.750939,0.27656558,0.0207049,-0.49625042,-0.79274046,-1.4587914
attn_0_2_outputs,3,-1.2466007,-1.2593515,-0.7379395,-0.6597143,0.10914489,0.7235597,1.6345567,1.13771,0.65060073,0.5272247,-0.1678721,-0.43180922,-1.1360329
attn_0_2_outputs,4,-1.5944462,-2.2331884,-1.6071026,-1.5226855,-0.59338474,0.12401462,1.1424364,2.7611268,1.1141592,0.6985185,0.04261013,-0.425,-1.1204011
attn_0_2_outputs,5,-2.4949522,-3.0700502,-2.5185423,-2.529083,-1.6874963,-0.7815597,-0.011693847,1.1098974,2.709267,1.4243188,0.8761794,0.5675743,-0.1342185
attn_0_2_outputs,6,-3.405871,-2.8089695,-2.2300317,-2.2477624,-1.2910931,-0.7752711,-0.14666106,0.5151376,1.1079723,2.5065396,1.0652326,0.47992116,-0.16014501
attn_0_2_outputs,7,-1.5893661,-2.2698047,-2.0093124,-2.0923553,-1.3848212,-1.0656785,-0.25785828,0.24181871,0.6637372,1.2390336,2.5125175,1.3965267,0.8047908
attn_0_2_outputs,8,-2.1185815,-2.629224,-2.2640283,-2.332584,-1.640902,-1.2551291,-0.6990728,-0.04632095,0.36083907,0.83464015,1.2697198,2.7102835,1.6583706
attn_0_2_outputs,9,-2.558892,-3.171762,-2.6776776,-2.7926033,-2.0114136,-1.6052306,-0.92122614,-0.41840908,-0.031061126,0.4727962,0.88636255,1.9216899,3.9188936
attn_0_2_outputs,</s>,-6.5369387,-6.4746013,-6.1342926,-5.846784,-4.002777,-2.0542865,-0.7783789,0.18310978,1.4003383,2.8758533,4.1759825,5.554004,7.1314063
attn_0_2_outputs,<pad>,-0.38799676,-1.1759576,-0.52294326,-1.1353252,-0.5851376,0.22823396,0.40046796,0.62929523,0.7970415,0.37829143,0.5175592,0.54628724,0.72581416
attn_0_2_outputs,<s>,-7.2579055,-6.4346633,-6.3252735,-6.2023983,-4.3546424,-2.6408696,-1.0991282,-0.18493916,0.9046544,1.7336866,2.670357,3.3326075,4.5955133
attn_0_3_outputs,0,2.4239907,1.6726402,2.1221182,1.3741068,1.0673821,0.24769181,-0.6201965,-1.015831,-1.2042422,-0.994041,-1.2245818,-1.5046706,-1.8067306
attn_0_3_outputs,1,1.7747631,2.204655,1.3818905,0.7439555,0.7173183,-0.10025496,-0.5513697,-0.9408834,-1.1944969,-0.99782336,-1.2990575,-1.5296211,-1.8723902
attn_0_3_outputs,10,1.3198316,1.7264886,2.1618614,1.0909325,0.8206773,-0.06660882,-0.6207742,-1.1778775,-1.3152949,-1.2405382,-1.3816339,-1.6132209,-1.9233432
attn_0_3_outputs,11,1.2478913,1.2691153,1.7322407,2.3585775,1.4805025,0.39373145,-0.43436858,-1.1877444,-1.3739203,-1.3248296,-1.5813911,-2.0066555,-2.5132148
attn_0_3_outputs,12,-0.115899906,-0.15097761,0.6765635,0.8479111,2.4370928,0.9585791,0.120332345,-0.7301099,-1.0365168,-1.0571533,-1.409503,-1.738568,-2.2830322
attn_0_3_outputs,2,-2.365322,-1.6299226,-1.2130592,-0.76893514,0.09709251,0.8086348,0.80741507,0.6540055,0.48297706,0.5598649,0.3935297,-0.0066673476,-0.4438057
attn_0_3_outputs,3,-2.3261752,-2.115404,-1.7128892,-1.3707731,-0.3808909,0.37389192,1.6243522,1.088126,0.88433546,0.7712634,0.4568431,0.23711202,-0.01625971
attn_0_3_outputs,4,-2.6982784,-1.9637103,-1.8240923,-1.7510573,-0.79361916,0.05112684,1.1740438,2.7521589,1.5447688,1.0832753,0.44935948,0.009046551,-0.7219068
attn_0_3_outputs,5,-3.493319,-2.5421798,-2.4348786,-2.3914886,-1.5878224,-0.7456505,0.26998907,1.2742659,2.91579,1.8925629,1.3575116,0.60869044,0.08583819
attn_0_3_outputs,6,-4.6186786,-3.4484143,-2.888912,-2.702645,-1.8722209,-1.1538472,-0.13892369,0.6276059,1.4709134,3.201565,1.883918,1.1233162,0.39138517
attn_0_3_outputs,7,-4.6635313,-3.7874277,-3.3311865,-3.181952,-2.4302297,-1.717273,-0.97518986,-0.0713399,0.7356201,1.670488,2.9887526,1.7064217,1.1404576
attn_0_3_outputs,8,-5.237282,-3.704562,-3.512013,-3.3981156,-2.737346,-1.9982262,-1.1416174,-0.33350462,0.5278941,1.3878124,1.9668037,3.1797307,2.1511981
attn_0_3_outputs,9,-4.937345,-4.2926574,-3.926981,-3.9199073,-2.9806693,-2.1981494,-1.2864531,-0.61260355,0.2394783,1.1107334,1.7206638,2.535627,4.578123
attn_0_3_outputs,</s>,-2.1066058,-2.0323832,-2.4189234,-1.8038479,-0.79247576,-0.605666,-0.014418057,0.092937425,0.46204364,1.0785257,1.7068709,2.479308,3.0146263
attn_0_3_outputs,<pad>,-0.90672654,-0.5972586,-0.40892926,-0.96049374,-0.121470205,-0.0037646813,-0.09886454,-0.030247618,0.2786174,0.35310173,0.7654368,0.6139761,0.5365129
attn_0_3_outputs,<s>,-1.696763,-1.2524494,-1.3599614,-1.4694022,-0.6564561,-0.35287398,-0.01160079,0.6991195,0.66579217,1.1109344,1.1208802,0.94405,0.51469696
attn_1_0_outputs,0,0.8492165,0.5255502,1.1471139,0.40481693,0.30019084,0.108066775,-0.45893088,-0.65842104,-0.5112141,-0.61136633,-0.77549934,-1.0535676,-1.0645546
attn_1_0_outputs,1,0.08064629,0.49013713,0.2307883,-0.055385333,-0.014714244,-0.09054577,-0.34490094,-0.61625105,-0.5601763,-0.59322274,-0.7561242,-0.7754881,-0.8229238
attn_1_0_outputs,10,0.72478575,0.6777086,1.6227204,0.4263368,0.31081584,0.032554008,-0.36954644,-0.65645224,-0.72353685,-0.6537064,-0.761635,-0.78687286,-0.92070365
attn_1_0_outputs,11,-0.44479975,0.11818854,0.7336952,1.4333358,0.66612166,0.32218686,-0.16837522,-0.6202326,-0.65601474,-0.7048834,-1.008083,-1.2829701,-1.4372795
attn_1_0_outputs,12,-0.9818427,-1.0150325,-0.30046022,0.107003324,1.8312075,0.94279355,0.3300781,-0.089034766,-0.18170044,-0.4671997,-0.72738475,-1.08257,-1.2056198
attn_1_0_outputs,2,-2.7662032,-1.6810184,-1.2656617,-0.9897213,-0.24832954,0.74603933,0.81285846,0.66289467,0.7347651,0.6133465,0.41552773,0.18040279,-0.16016586
attn_1_0_outputs,3,-2.0834475,-1.6846396,-1.2235786,-1.041976,-0.26415104,0.6764823,1.6316973,1.4353213,1.2927349,1.0259352,0.8254061,0.42331675,0.4077116
attn_1_0_outputs,4,-2.0455103,-1.8696105,-1.4698763,-1.5541041,-0.82065266,0.0875,0.9931904,2.5279028,1.5085202,0.90708554,0.4766887,-0.019248914,-0.27525815
attn_1_0_outputs,5,-2.7863348,-2.3264196,-2.0686445,-2.0270512,-1.350928,-0.58743227,0.35424352,1.2441549,2.9188008,1.7712464,1.287153,0.8223691,0.5799865
attn_1_0_outputs,6,-1.8297024,-2.0756521,-1.6513532,-1.6901394,-1.238011,-0.8070143,-0.14236002,0.46927157,1.2132856,2.6373537,1.2141294,0.8593871,0.61932015
attn_1_0_outputs,7,-2.3805666,-1.9342974,-1.7653973,-1.9012785,-1.6302574,-1.2615033,-0.86384773,-0.3386725,0.5626947,1.1144489,2.3567696,1.3917799,1.058215
attn_1_0_outputs,8,-2.2317173,-2.6060164,-2.2751095,-2.2538583,-1.9492446,-1.6092339,-1.077582,-0.6497775,0.069500044,0.74067897,1.2280791,2.50511,1.8682914
attn_1_0_outputs,9,-3.1222482,-2.8694463,-2.6580029,-2.6760578,-2.4164968,-2.1148431,-1.6157436,-1.2541965,-0.5496609,0.04928549,0.6374541,1.4206164,3.7841609
attn_1_0_outputs,</s>,-2.5840662,-2.430192,-1.9724016,-2.2243843,-1.5089669,-1.1178781,-0.22806136,0.3222039,0.93850404,1.3540659,1.8077416,2.4517267,3.0380328
attn_1_0_outputs,<pad>,-0.5672093,-0.770776,-0.716581,-0.5758939,-0.34665075,0.19759117,0.58392286,0.5422278,0.78483546,0.86112785,0.7921526,0.49154904,0.8157774
attn_1_0_outputs,<s>,-0.17171101,-1.0024779,-0.87070185,-0.57044655,-0.15691714,-0.19153915,-0.019890184,0.46728778,0.6148474,0.69895726,0.91849935,0.8472136,0.91858274
attn_1_1_outputs,0,-0.3514083,-0.59922034,-0.3367774,-0.11906575,-0.16570038,-0.7067714,-0.71007085,-0.25567576,0.11793996,0.2800015,0.29615137,0.6745566,0.31287518
attn_1_1_outputs,1,-0.8495012,-0.39371985,-0.82148933,-0.77768695,-0.4932393,-0.35459024,0.7499443,-0.17172301,-0.12769562,0.26985714,0.27687702,0.40867174,0.35398713
attn_1_1_outputs,10,-0.69484204,-0.3637117,-0.33900186,-0.37085924,-0.15996529,-0.3095341,0.37133595,-0.29293883,-0.22676659,0.14621295,0.21611145,0.4441785,0.3619237
attn_1_1_outputs,11,-1.2654686,-0.58042765,-0.4300224,-0.07191204,-0.026078466,0.07319553,0.83374137,0.27583897,0.10405874,0.32780668,0.018157994,-0.077717744,0.10329022
attn_1_1_outputs,12,-1.1181264,-0.72162116,-0.6603881,-0.496795,0.14835389,0.052411463,0.41227084,0.23854704,0.54231584,0.7068151,0.59114444,1.0329704,1.2154768
attn_1_1_outputs,2,-1.3489207,-1.0061638,-0.7882983,-0.7873833,-0.12822254,0.12963255,1.1728811,0.38254952,0.4990213,0.7143823,0.7159392,0.8185227,0.5790086
attn_1_1_outputs,3,-0.9518071,-0.9524554,-0.7829909,-0.56124747,-0.23909456,0.03286724,1.0897498,0.5131727,0.52894413,0.7842484,0.6610222,0.6763359,0.35107338
attn_1_1_outputs,4,-1.7106304,-1.3863479,-1.2473888,-1.1471164,-0.68363136,-0.14461951,0.911009,0.95957667,0.58995295,0.5041218,0.252506,0.1193337,0.017373042
attn_1_1_outputs,5,-1.557378,-1.4749101,-1.1905,-1.3017095,-0.96624565,-0.3020517,0.57645977,0.61814845,1.6415645,1.2300539,0.9693591,0.9681485,0.7568159
attn_1_1_outputs,6,-1.2091935,-0.6594296,-0.8710367,-0.7156137,-0.37855417,-0.18960467,-0.09594663,0.47862154,0.83296347,1.510858,1.0367057,0.9879266,0.8510393
attn_1_1_outputs,7,-1.3810565,-1.2538123,-1.1843079,-1.0634778,-0.73733634,-0.43597975,-0.073307484,0.015242563,0.34984306,0.8103089,1.312808,0.94699377,0.72214377
attn_1_1_outputs,8,-1.7172841,-1.5299437,-1.6118333,-1.4839066,-1.142175,-0.91773665,-0.16728808,-0.41314802,-0.015413766,0.29665315,0.57418156,1.4607654,0.99401397
attn_1_1_outputs,9,-1.7918389,-1.6040423,-1.4824375,-1.5002892,-1.217877,-0.8815457,-0.048397936,-0.34779996,-0.10005943,0.18110655,0.097683586,0.43615487,1.8355378
attn_1_1_outputs,</s>,-1.1867455,-1.0228186,-1.1566336,-0.79621416,-0.08227472,-0.26438156,1.1846427,0.26942766,0.37860236,0.57901084,0.7450449,1.0806289,0.8455609
attn_1_1_outputs,<pad>,-1.1014739,-0.54336566,-1.2711837,-0.3145881,-1.0552119,0.31917912,-0.6263397,0.20564274,1.1918904,0.36220652,1.3902419,1.070283,-0.44799417
attn_1_1_outputs,<s>,-0.95886135,-0.6680042,-0.5062084,-0.46014017,-0.14710215,-0.11575758,-1.9227244,0.25329384,0.4588625,0.7951844,0.8763199,0.98508036,0.9930003
attn_1_2_outputs,0,-1.4033061,-2.4094293,-1.8383254,-0.801079,-0.37204817,-0.49094155,-0.36627272,0.45969757,0.8020802,1.234765,1.4197018,1.4721981,1.5398499
attn_1_2_outputs,1,-0.38985524,-1.8711447,-1.7544965,-0.4374532,0.057286132,0.19233535,0.6023905,0.79090345,0.67149895,0.765525,0.71806055,0.17980435,-0.20094576
attn_1_2_outputs,10,-0.24987023,2.0128498,2.1819632,-0.48466998,-0.8936608,-0.81212634,-0.59102595,-0.5762896,-0.5936429,-0.44852808,-0.35377854,-0.08252906,-0.50763524
attn_1_2_outputs,11,0.114229456,1.3889383,1.4037472,0.42602006,-0.4429876,-0.48171398,-0.42146388,-0.38322467,-0.4101364,-0.20832264,-0.117536925,0.1616627,-0.22976784
attn_1_2_outputs,12,-0.4093406,0.9652714,1.1500534,-0.39237657,0.31606162,-0.023918144,0.08309404,0.04266019,-0.114831254,-0.0045892275,-0.13028446,0.044608075,-0.19651534
attn_1_2_outputs,2,-1.1050582,-0.5586653,-0.1471346,-0.77518106,-0.20607886,0.16484503,0.48031414,0.6088039,0.5439481,0.5777514,0.7096202,1.0536402,0.68941015
attn_1_2_outputs,3,-0.11746456,1.5130696,0.9837057,-0.270127,-0.0998057,0.15267709,0.65909374,0.5513161,0.32342777,0.43624562,0.31650686,0.50104135,0.33795986
attn_1_2_outputs,4,0.6113909,1.9341935,0.9909897,-0.36885378,-0.3770722,-0.14361206,0.07941647,0.78503865,0.30736786,0.24245888,0.40791932,0.9829895,1.1069186
attn_1_2_outputs,5,-2.8807774,-2.32055,-2.6933599,-0.94897145,-0.2096951,0.1325415,0.8486029,1.2195613,1.7701632,1.2817112,1.0221022,0.6018154,0.0111410385
attn_1_2_outputs,6,-1.7360528,-0.91644007,-0.61823833,-0.91971296,-0.58836424,-0.13194685,0.38595778,0.69726604,0.8319594,1.3758366,0.9607056,0.86115664,0.4096354
attn_1_2_outputs,7,-2.5005605,-3.658831,-2.9800243,-1.7080394,-0.9315613,-0.43562365,0.13812533,0.5532974,0.7685258,1.1327313,1.796659,1.126914,0.8651234
attn_1_2_outputs,8,-2.5866234,-3.7659056,-3.230101,-1.8580915,-1.1980414,-0.8817391,-0.31096125,0.01754881,0.17698403,0.41791394,0.9114608,1.851666,1.2142466
attn_1_2_outputs,9,-2.6275692,-3.6845047,-3.5239832,-2.2733314,-1.5326483,-1.1527157,-0.59640247,-0.20077398,-0.03881198,0.3208524,0.75924814,1.4719691,2.372917
attn_1_2_outputs,</s>,-1.4384083,-2.2337391,-1.7275523,-0.76406085,-0.28802827,-0.3877992,0.08294805,0.40524063,0.47829112,0.7704656,1.0457666,1.5014261,1.363723
attn_1_2_outputs,<pad>,-0.63334763,-0.89057523,-0.6508577,-0.792763,-0.761075,0.4250146,0.46744445,0.6906223,0.8722148,0.87174267,0.898018,-0.039307017,0.28217465
attn_1_2_outputs,<s>,-0.19454153,0.7767852,1.79701,-0.15052213,-0.096267715,0.06866156,0.29112664,0.37810448,0.1542071,0.15709199,-0.3667137,-0.7403907,-0.7552685
attn_1_3_outputs,0,-0.49449536,-0.72728074,-0.53102064,-0.7008297,-0.4178505,-0.4653592,-0.39725265,-0.19407889,-0.043975532,0.22854257,0.25706077,0.3295578,0.43162727
attn_1_3_outputs,1,-0.5328878,-0.3944006,-0.6662575,-0.77776384,-0.49875578,-0.49485147,-0.20688406,-0.24735126,0.0075308704,0.16403885,0.29916915,0.35417485,0.44027746
attn_1_3_outputs,10,-0.3767837,-0.11379117,0.032163747,-0.790795,-0.60770625,-0.6581249,-0.4132214,-0.36699083,-0.12652782,0.027381161,0.2436718,0.2510887,0.17975251
attn_1_3_outputs,11,-0.8158533,-0.533552,-0.22550693,0.85153675,-0.20387395,-0.33998734,-0.20414643,-0.18649402,-0.09711797,0.13232262,0.3163047,0.37028286,0.43017006
attn_1_3_outputs,12,-0.98950183,-0.85748845,-0.45079964,-0.236345,0.8482924,0.20617828,0.26234034,0.2820686,0.38933542,0.5063473,0.49788705,0.61877596,0.6718816
attn_1_3_outputs,2,-1.5579755,-1.1847355,-0.9163732,-0.50726193,-0.1184891,0.19414684,0.43019304,0.4505623,0.6448914,0.8233878,0.848835,0.9072985,0.80424917
attn_1_3_outputs,3,-0.9873516,-0.82949734,-0.59316987,-0.4600388,-0.11101685,0.19448908,0.6998748,0.6785615,0.7676391,0.93982345,0.9188063,0.8252981,0.8280144
attn_1_3_outputs,4,-1.8135574,-1.510838,-1.2063334,-0.91567254,-0.53100044,0.061039593,0.7395852,1.4366579,0.8100909,0.81329066,0.68659556,0.6181217,0.24302758
attn_1_3_outputs,5,-1.6186146,-1.4404087,-1.0629883,-0.9583261,-0.6700011,-0.23986557,0.40553248,0.7726349,1.6008465,1.2244241,1.1474736,0.8972928,0.730822
attn_1_3_outputs,6,-1.6222428,-1.3457041,-1.1222972,-0.8468979,-0.6630784,-0.41943964,-0.01228935,0.21635622,0.60779643,1.4903256,1.0969481,0.75448966,0.32446146
attn_1_3_outputs,7,-1.6344507,-1.420812,-1.1675764,-1.1207081,-0.90137565,-0.7311721,-0.38846895,-0.13379546,0.23581539,0.70640534,1.7683115,1.3205029,1.1148403
attn_1_3_outputs,8,-1.7770307,-1.4580035,-1.3719234,-1.2062542,-1.0951633,-1.026746,-0.5018191,-0.3635683,-0.044943884,0.25764626,0.5531853,1.0424966,0.6996269
attn_1_3_outputs,9,-2.1736479,-1.806046,-1.5681323,-1.4922459,-1.2416469,-1.1794777,-0.7471171,-0.6248393,-0.36008072,-0.046655618,0.29331973,0.6738171,1.683202
attn_1_3_outputs,</s>,-0.67147183,-0.84180355,-0.6164815,-0.29043242,-0.13415271,-0.12677453,0.13910584,0.24172316,0.3462994,0.5976943,0.7760785,0.961103,0.9433503
attn_1_3_outputs,<pad>,-0.60688776,-0.8533048,-0.56258184,-1.1224511,-0.48710904,-0.1443774,0.13861258,0.6242366,0.6839712,0.4437064,0.24569519,0.6740692,0.5909859
attn_1_3_outputs,<s>,-0.86241955,-0.61483496,-0.5994733,-1.5308449,-0.028601171,0.066163674,0.33780926,0.4666874,0.563182,0.77163815,0.72402716,0.76990676,0.21486793
attn_2_0_outputs,0,-0.45223317,-0.35337254,-0.2786614,-0.5098681,-0.18341973,-0.5294,-0.25444058,-0.46015596,-0.3784083,-0.3375023,-0.30701658,-0.34557152,-0.4793839
attn_2_0_outputs,1,-0.46370545,-0.041566532,-0.12213972,-0.58777195,-0.31518057,-0.45212755,-0.09851219,-0.347403,-0.23432228,-0.19823922,-0.1324585,-0.027191631,-0.18006435
attn_2_0_outputs,10,-0.58073586,-0.23126765,0.10897312,-0.41086414,-0.2044563,-0.2925771,-0.054898016,-0.18355884,-0.13468038,-0.10425214,0.066643395,-0.031481717,-0.046655323
attn_2_0_outputs,11,-0.6180562,-0.30612642,-0.0976068,0.15632242,-0.019074641,-0.0077200085,0.21378167,-0.045534756,0.051275715,0.14230132,0.10778068,0.12905085,0.10825919
attn_2_0_outputs,12,-0.47069806,-0.27426937,-0.35148847,-0.10758479,1.0248557,0.46552742,0.38780943,-0.14871883,-0.12794964,-0.15149112,-0.20589702,-0.1760566,-0.36133453
attn_2_0_outputs,2,-1.9203392,-0.8510406,-0.6239912,-0.62146896,0.17502564,0.47496557,0.7430327,0.67170864,0.6605835,0.5745286,0.555027,0.6366282,0.4663939
attn_2_0_outputs,3,-1.0198004,-0.672128,-0.45424345,-0.33510846,0.21082494,0.4940138,1.3494931,0.8545327,0.666492,0.6446789,0.6142534,0.54918736,0.4277052
attn_2_0_outputs,4,-1.1349666,-0.9075636,-0.6556284,-0.6445554,-0.117730185,0.28100672,1.1139166,2.0961757,1.2001671,0.81650215,0.6520226,0.3512083,-0.044294108
attn_2_0_outputs,5,-1.1633089,-1.298352,-1.0069038,-0.9904965,-0.3910336,-0.096151136,0.65849024,1.1797732,2.3160028,1.3337326,1.1296062,0.94163823,0.53899246
attn_2_0_outputs,6,-1.0103446,-1.3670318,-1.2196546,-1.3306997,-0.7780681,-0.42487454,0.33372375,0.66252816,1.2087308,2.2501888,1.3190689,1.0928713,0.7536365
attn_2_0_outputs,7,-1.8017588,-1.6979394,-1.762779,-1.7800866,-1.1683043,-0.9875106,-0.22720334,0.14484145,0.6473238,1.144471,2.2183843,1.5536903,1.2267077
attn_2_0_outputs,8,-1.6768616,-2.26456,-2.0435178,-2.0775597,-1.4371208,-1.3539039,-0.69803995,-0.34609497,0.23935252,0.56371725,1.1481625,2.2326894,1.5091939
attn_2_0_outputs,9,-2.622212,-2.2753513,-2.2222939,-2.184644,-1.5149312,-1.4837339,-0.9077143,-0.5442036,-0.14989161,0.22056094,0.6890068,1.4621836,3.0640612
attn_2_0_outputs,</s>,-1.000133,-0.6313107,-0.2912703,-0.09562247,1.0854741,-0.39657685,-0.30904713,-0.06477778,0.18953165,0.2915188,0.11950905,0.26300168,-0.20847249
attn_2_0_outputs,<pad>,-0.77905154,-1.1433463,-0.14762959,-0.97164094,0.92659813,0.0015084653,0.28296983,0.19140844,0.80507785,0.71128905,0.37345666,0.47538018,0.8096647
attn_2_0_outputs,<s>,-1.6976513,-1.6245939,-0.8127547,-0.48284698,-0.026321033,-0.34463018,-0.28630814,-0.12442382,0.19444585,0.48655486,0.8328017,0.9575607,0.9758036
attn_2_1_outputs,0,1.0760818,0.46148953,0.6928816,0.24067765,-0.05166844,-0.48246598,-0.66619426,-0.7803031,-0.609763,-0.477316,-0.37724388,-0.50424546,-0.40612808
attn_2_1_outputs,1,-0.029120306,0.41890827,-0.25545326,-0.43000934,-0.3190597,-0.42049858,-0.5566244,-0.4980435,-0.41990787,-0.28903398,-0.16366535,-0.04813323,-0.038659282
attn_2_1_outputs,10,0.5828502,0.53562415,0.9425263,0.0053610858,-0.45027092,-0.6810662,-0.71939933,-0.78688127,-0.7069355,-0.5672664,-0.42794076,-0.2768837,-0.21512245
attn_2_1_outputs,11,0.112481974,0.28098044,0.63338053,1.4168763,0.28144243,0.017629722,-0.2521922,-0.5804546,-0.57478994,-0.46774152,-0.42128822,-0.32739598,-0.36127803
attn_2_1_outputs,12,-0.88091344,-0.3976329,-0.11545705,0.19320935,1.9071378,0.72794974,0.44173306,0.06385631,-0.11790814,-0.12270605,-0.13510302,-0.16020805,-0.0883023
attn_2_1_outputs,2,-2.3666236,-1.6400918,-1.2610203,-0.7730315,0.075724326,1.0171807,0.92326725,0.7803881,0.8200587,0.72740054,0.7067906,0.67018193,0.4709744
attn_2_1_outputs,3,-1.2969995,-1.3315524,-1.0819552,-0.7793466,-0.16907048,0.777392,1.9119736,1.3462961,1.1012751,1.0512851,0.8816828,0.77997196,0.71917754
attn_2_1_outputs,4,-1.88735,-1.8149703,-1.6128081,-1.3178971,-0.6757297,0.010888373,1.1718873,2.7328103,1.3743279,1.0401974,0.71239525,0.36055458,0.22013618
attn_2_1_outputs,5,-2.5873373,-2.3621361,-2.373802,-2.0776875,-1.4126383,-0.60864055,0.5277041,1.3715923,2.9900138,1.9519986,1.744422,1.4986773,1.1933658
attn_2_1_outputs,6,-1.7624502,-1.8238838,-1.7316386,-1.5035707,-0.85579604,-0.24551064,0.5071389,0.8735811,1.4180061,2.597663,1.4550588,1.0872082,0.67024845
attn_2_1_outputs,7,-2.0590172,-1.9067671,-1.7156497,-1.6874975,-1.1855956,-0.8484519,-0.25595978,-0.006803863,0.48640332,1.0566198,2.4536793,1.401714,0.98509455
attn_2_1_outputs,8,-2.4419887,-2.231495,-2.0651507,-1.8518199,-1.4673947,-1.1349311,-0.71645576,-0.48886633,-0.105687976,0.4656187,1.0830606,2.4615648,1.6957809
attn_2_1_outputs,9,-3.051358,-2.488041,-2.499162,-2.4381702,-1.8388733,-1.4458824,-0.96226686,-0.59445393,-0.151624,0.21644357,0.8834003,1.7156239,3.8807328
attn_2_1_outputs,</s>,-0.4807688,-0.7504406,-1.411293,-0.6944002,-0.12896448,-0.22797625,0.07109,0.1812444,0.24204305,0.16521342,0.84530985,1.5218529,0.68157446
attn_2_1_outputs,<pad>,-0.88066167,-0.9697963,-1.0287443,-1.0485913,-0.32476327,-0.045007937,0.84306777,0.6051213,0.97296983,0.33019125,0.7380485,0.39170915,1.1720995
attn_2_1_outputs,<s>,-0.5715233,-0.72818995,-0.7000159,-0.7032198,-0.24444743,-0.060803846,0.013066707,-0.03353871,0.27874285,0.3012622,0.7046013,0.7163434,0.6800475
attn_2_2_outputs,0,-0.63608855,-0.564684,-0.38366815,-0.64450765,-0.26382497,-0.4670196,-0.38038045,-0.21302736,-0.21166852,-0.08760017,-0.079595365,-0.09622573,0.081800014
attn_2_2_outputs,1,-1.0092285,-0.71305513,-0.8725365,-0.98270077,-0.57174337,-0.6925516,-0.5262539,-0.25142565,-0.18995032,-0.11568016,-0.11523048,0.08595391,0.2622521
attn_2_2_outputs,10,-0.85497206,-0.7371022,-0.41785005,-0.5374461,-0.15672548,-0.2960248,-0.09788894,0.065932184,0.06946141,0.077938326,0.040086806,0.2255038,0.2347485
attn_2_2_outputs,11,-1.0407963,-0.7089855,-0.32862496,0.020073071,0.086534604,0.0341689,0.26772887,0.2664108,0.26703337,0.28905606,0.39557967,0.42005023,0.3814296
attn_2_2_outputs,12,-1.4956237,-0.37405193,-0.40515056,-0.22384916,0.8481336,0.33115774,0.44352284,0.3356365,0.27927482,0.24832639,0.11551183,0.12154252,0.044544015
attn_2_2_outputs,2,-1.5406469,-0.9418524,-0.7447358,-0.58875734,0.05976318,0.2829835,0.680914,0.94770086,0.924689,1.0300201,0.9049698,1.0659915,1.0157453
attn_2_2_outputs,3,-1.1714344,-0.5760632,-0.57969505,-0.5664587,0.0070923055,0.3282254,1.0250881,1.0138294,0.9776746,0.9459184,0.7601756,0.955297,0.8200584
attn_2_2_outputs,4,-1.3680923,-0.76980686,-0.65314513,-0.62051743,0.05013838,0.32306242,0.97032136,1.7670325,1.2326182,0.9143552,0.6904868,0.6835795,0.5100864
attn_2_2_outputs,5,-1.3948225,-0.93967086,-0.68465066,-0.76260513,-0.019060826,0.09904984,0.6911617,1.2872725,2.0635362,1.6122055,1.3485407,1.2624995,1.0102439
attn_2_2_outputs,6,-1.7591287,-1.0416542,-0.96417046,-0.9950016,-0.39879563,-0.16471343,0.4026171,0.82936126,1.2592356,2.059004,1.5804539,1.453809,1.2318411
attn_2_2_outputs,7,-2.0840511,-1.4771221,-1.3066983,-1.2298583,-0.859425,-0.703227,-0.20669198,0.13098197,0.396231,0.7220256,1.4478513,0.9976765,0.8233643
attn_2_2_outputs,8,-2.2787395,-1.6739981,-1.6352503,-1.5352932,-1.0890123,-1.0519441,-0.6219323,-0.27656472,0.011273138,0.41498286,0.79790694,1.7209152,1.3366855
attn_2_2_outputs,9,-2.114977,-1.6411196,-1.5698464,-1.5670437,-1.1597127,-1.1089364,-0.6784013,-0.380813,-0.071579635,0.1557151,0.5442022,1.1356417,2.2912073
attn_2_2_outputs,</s>,-1.1583037,-0.97639215,-0.62848544,-0.84698105,-0.108489186,-0.1535381,0.14876938,0.3444415,0.40381023,0.5943904,0.6853173,1.1095608,0.8787162
attn_2_2_outputs,<pad>,-0.6176308,-0.87363917,-0.45491588,-0.8474428,-0.03794792,0.36131835,0.160014,-0.06038535,0.5323581,0.6916741,1.1692786,0.42487505,0.5386181
attn_2_2_outputs,<s>,-0.6197684,-0.4214616,-0.57091045,-0.63872325,-0.016660238,0.010945138,0.2928076,0.46967462,0.4892747,0.484852,0.50831854,0.69619155,0.086850114
attn_2_3_outputs,0,0.24576543,-0.20408449,0.16164985,-0.41761214,-0.19949344,-0.44050556,-0.3291636,-0.42380914,-0.3541879,-0.48144928,-0.45821458,-0.2590836,-0.26975164
attn_2_3_outputs,1,-0.57764715,-0.16346481,-0.599904,-0.93393743,-0.7373168,-0.67757595,-0.4624415,-0.45405445,-0.27179557,-0.3316652,-0.25751695,-0.047004823,-0.00493672
attn_2_3_outputs,10,-0.24573876,-0.20181657,0.25543118,-0.39555296,-0.34502852,-0.5037973,-0.32499453,-0.40619293,-0.22285748,-0.34413892,-0.21440867,0.04241034,0.0004927036
attn_2_3_outputs,11,-0.6656195,-0.5178592,-0.105354704,0.38306302,-0.015003693,-0.17291187,-0.060014527,-0.2270717,-0.15105988,-0.17079219,-0.1632832,0.028376594,-0.017009795
attn_2_3_outputs,12,-1.0037401,-0.7819703,-0.36206132,-0.3071102,1.005689,0.285284,0.32639405,-6.836302e-05,0.14976965,-0.042691443,0.027524004,0.27145466,0.14516813
attn_2_3_outputs,2,-2.658618,-1.7111571,-1.2558209,-0.9890708,-0.19561826,0.4086275,0.7628413,0.7838752,0.8847571,0.78401005,0.89744186,1.0938867,1.0550565
attn_2_3_outputs,3,-1.4827744,-1.2678373,-1.1042069,-1.0956985,-0.31632593,0.20158339,1.1652045,0.927163,0.93680936,0.79449475,0.76960176,0.95214444,0.98381776
attn_2_3_outputs,4,-1.4626694,-1.3340746,-1.1009705,-1.1310234,-0.3844535,0.19662556,1.1373665,1.9899755,1.3544272,1.0094665,0.84899706,0.93256783,0.7942237
attn_2_3_outputs,5,-1.7932441,-1.5367744,-1.3476237,-1.4063841,-0.64632386,-0.16049536,0.70380116,1.2187754,2.1682162,1.3966745,1.2488052,1.2568495,1.0941048
attn_2_3_outputs,6,-1.3868469,-1.552383,-1.3021874,-1.3164736,-0.7060322,-0.28352344,0.43334693,0.7181495,1.2906992,1.9065671,1.3751469,1.3709577,1.1947562
attn_2_3_outputs,7,-1.7167665,-1.5435194,-1.5323632,-1.6172695,-1.0619372,-0.66561544,-0.022186711,0.33360654,0.7791191,1.0212735,1.7538637,1.3935845,1.1648345
attn_2_3_outputs,8,-2.3015964,-2.0564525,-1.9830549,-2.0068164,-1.4094028,-1.1804637,-0.4620428,-0.2510359,0.11912019,0.32237706,0.8911616,1.8965242,1.5732996
attn_2_3_outputs,9,-1.9983544,-1.9155523,-1.8884497,-1.8643128,-1.2384037,-0.99406016,-0.3245906,-0.25388113,0.17230934,0.27590963,0.6858275,1.3808986,2.4380662
attn_2_3_outputs,</s>,-0.95141864,-1.0480802,-0.9401214,-0.8409359,-0.3800269,-0.19432214,0.26685655,0.3558242,0.5285226,0.60134864,0.79826957,1.2194031,1.3657376
attn_2_3_outputs,<pad>,-0.71689487,-0.9450805,-1.2619674,-0.91267025,-0.14689307,-0.23519023,-0.048767112,0.34432533,0.5791659,0.3119798,0.33994877,0.623027,0.8434025
attn_2_3_outputs,<s>,-0.7966846,-1.0098848,-0.8881174,-0.85486215,-0.4353571,-0.4193164,0.059827685,0.3048279,0.49655932,0.5675926,0.60847926,0.80434895,0.8928244
mlp_0_0_outputs,0,0.19499302,0.028766118,-0.15974717,0.03823093,0.09940934,0.032190047,-0.36526763,-0.32508144,-0.1112487,-0.40187466,0.22582182,0.81360847,0.58672714
mlp_0_0_outputs,1,0.20576262,0.25305095,0.37691286,-0.17222853,0.3592773,0.46738473,-0.07485316,0.2373292,0.25469363,-0.11420344,-0.15071692,0.5891113,0.3439437
mlp_0_0_outputs,10,11.035814,8.420638,6.639731,2.700469,-0.010542154,0.07814823,-5.608496,-7.6022696,-9.111676,-9.409352,-10.040274,-9.4099865,-10.460516
mlp_0_0_outputs,11,-2.8318405,0.1346119,0.7822587,1.3563178,1.3917954,1.1391317,0.79388314,0.4238254,-0.36871946,-0.3954269,-0.81837076,-1.1784102,-2.006998
mlp_0_0_outputs,12,-0.9300238,0.40568313,0.236885,0.4616611,0.112620234,0.47067344,-0.14261724,-1.0166823,-0.3716058,0.28132182,-0.45750597,0.07383323,-0.7407935
mlp_0_0_outputs,13,-0.65532994,-0.70073193,-0.111987755,0.022284456,0.18665439,0.876569,-0.2552735,0.19800767,0.27703708,0.40992072,0.1750242,0.021839688,-0.08612236
mlp_0_0_outputs,14,-0.64011854,-0.63153,-0.03235794,0.27980328,0.31568998,0.7646248,0.10305182,0.5138787,0.43624973,0.36611846,0.45617107,-0.18595874,0.10568059
mlp_0_0_outputs,15,-1.0172521,-0.17134541,-0.026858903,0.9090971,0.9345219,0.62610126,0.9285355,0.03842657,-0.87676066,0.35981053,-0.09182101,-0.5199677,-0.38101166
mlp_0_0_outputs,2,-5.08174,0.8304546,3.2544675,3.833995,3.8586936,1.7879488,1.6520618,-0.24467294,-1.9240295,-3.193985,-4.220225,-4.0684752,-5.8991647
mlp_0_0_outputs,3,-2.7186418,-1.1250612,-0.20907135,0.98437274,1.5435774,1.4717413,1.9200807,1.4320681,0.5256035,-0.17340651,-1.0239998,-1.5170174,-3.187444
mlp_0_0_outputs,4,0.11971437,-0.27005216,0.18714112,0.17340684,0.020921575,-0.35466227,0.48525646,-0.1309802,-0.45993206,0.33466482,0.30420125,-0.3970193,0.30869785
mlp_0_0_outputs,5,-31.704496,-18.743319,-11.413297,-5.801743,-3.5937467,-1.5739615,0.22301826,1.6631848,2.649786,3.7383268,4.0289774,4.394088,4.5820713
mlp_0_0_outputs,6,-0.7704302,-0.4299433,-0.33204505,-0.21348438,-0.35613126,0.31408006,-0.0840541,0.4642022,-0.24161173,0.042275023,-0.116140865,0.12442258,0.7622698
mlp_0_0_outputs,7,-0.088268526,-0.4665763,-0.22857428,-0.19326961,-0.16120255,0.7408815,-0.41175577,-0.4512164,-0.23795174,-0.030933296,0.890072,0.11553186,0.6682208
mlp_0_0_outputs,8,0.8390095,0.18584049,0.31736305,-0.05789911,-0.025623921,-0.10063463,-0.11139523,0.21458916,-0.56596994,-0.48905587,0.30730522,0.11636104,0.42890927
mlp_0_0_outputs,9,1.0392138,0.22592878,0.15684071,-0.034830447,0.15218359,-0.51597196,-0.074393,-0.9889828,-0.16566905,-0.14813836,-0.43890974,-0.26008332,-0.42243505
mlp_0_1_outputs,0,-0.12765676,0.018773694,0.37868717,-0.18297324,0.26875383,0.26761666,-0.15285449,0.09112873,0.4369932,-0.008790064,0.046495654,0.12510598,0.45038894
mlp_0_1_outputs,1,-27.038424,-25.756893,-16.473944,-9.046116,-5.8462434,-4.1426253,-1.155739,0.7764205,2.4320788,3.3692174,3.861845,4.3080225,5.031154
mlp_0_1_outputs,10,0.8382216,0.81425804,0.2338628,0.097725116,-0.20162374,-0.17001362,-0.09805581,-0.124387555,-0.07440872,-0.53551,-0.40313828,-0.17034176,-0.46454537
mlp_0_1_outputs,11,0.08228857,0.02029792,0.18022676,0.39460874,-0.15058741,-0.61872864,-0.31245074,-0.21827759,0.15389265,-0.4249024,0.07357646,0.3493233,0.7533277
mlp_0_1_outputs,12,1.0342363,0.49074885,0.6413623,0.09229353,0.33604613,0.68642753,0.012077092,0.30189994,-0.5274928,-0.5693669,-0.62565774,-0.038531855,-1.1214131
mlp_0_1_outputs,13,0.15357397,-0.24998097,-0.082292385,0.17175947,-0.6682143,0.36149803,0.03010525,0.050280504,0.037021775,0.10488517,-0.17387003,-0.049248163,-0.103537224
mlp_0_1_outputs,14,-0.7498377,-0.7530543,-0.39750853,-0.7774622,-0.3267031,-0.0928174,0.27406472,-0.24977809,0.6622751,0.59123844,0.6128379,0.9355558,0.5901979
mlp_0_1_outputs,15,0.057494696,0.6940882,0.2906755,0.30510634,-0.14332683,0.16834816,-0.44896206,0.4803944,-0.30172756,0.07361611,-0.25717592,-0.40768358,-0.25652403
mlp_0_1_outputs,2,6.7963643,5.537634,5.5664644,3.5597806,1.8338648,-0.20294073,-2.1918793,-3.653936,-5.335907,-6.522909,-8.262446,-9.352889,-10.61901
mlp_0_1_outputs,3,2.4706109,0.9852189,1.0016493,2.1085246,1.9795569,1.8297071,0.73192793,-0.21518214,-0.8424139,-1.4984752,-2.2789104,-3.6069224,-5.0220385
mlp_0_1_outputs,4,-13.915576,-6.7709656,-3.6072555,-0.9316523,0.4586206,1.3579304,1.9107211,2.2537847,2.679102,2.6887264,2.429691,2.5821786,2.6769786
mlp_0_1_outputs,5,-0.6972629,-0.34161624,-0.011854808,0.19657955,0.48640454,-0.17872305,-0.14170383,-0.36174265,0.34123674,0.5187756,0.43081537,0.34477735,-0.7281826
mlp_0_1_outputs,6,-2.3752291,-1.9960921,-1.1626495,-0.06683275,0.2064635,0.28496814,0.872826,0.47192952,1.2450563,0.9889842,1.1438098,0.9607981,0.21200475
mlp_0_1_outputs,7,0.7655097,0.6412702,0.16950707,0.0052420367,-0.25309423,-0.0657212,-0.21612453,0.008704615,-0.079492986,0.04805093,0.0512575,0.31425938,-0.13806532
mlp_0_1_outputs,8,2.6660326,0.8424256,1.9483918,0.23854484,2.4600832,3.0192566,2.0550103,0.6290799,-2.414084,-3.2871592,-4.4961023,-3.3280146,-3.2938993
mlp_0_1_outputs,9,-0.39694187,-0.14210783,0.05368217,0.39230075,0.017159287,-0.142679,0.20868307,-0.33840203,0.12602685,0.08060858,-0.256334,-0.32147905,0.13749394
mlp_1_0_outputs,0,1.2129126,3.6389747,3.7319221,3.4729464,2.4625092,-5.349269,-2.63971,-3.1492784,-3.814046,-4.060516,-5.2837853,-6.768892,-4.878692
mlp_1_0_outputs,1,-0.6635246,-0.022897257,-0.34145468,-0.17524032,0.3413413,-0.043308467,-0.23506364,0.16338708,0.13391715,0.104701795,-0.0705757,0.59891903,-0.40615752
mlp_1_0_outputs,10,-0.056088544,0.02595351,-0.11847314,0.22327198,0.5255993,0.022619044,-0.038738854,-0.42280063,0.3894043,-0.5038801,-0.6251198,-0.14713958,-0.2340168
mlp_1_0_outputs,11,0.51914895,0.06037894,-0.6685489,0.038607985,-0.12560338,0.061441522,0.025075695,0.2896306,-0.7203729,-0.13771275,-0.35047126,-0.189023,-0.755157
mlp_1_0_outputs,12,-2.730139,-0.32529673,0.164644,-0.23706643,-1.2116044,-4.5900106,-0.10367754,-0.13829556,0.20139465,0.20451222,-0.811422,-1.5057743,-2.5523744
mlp_1_0_outputs,13,0.41645768,0.4493563,0.482763,0.7683185,0.57338417,0.64147955,0.06522633,0.2715414,-0.7007945,-0.21906777,-0.96679354,-0.7407217,-0.77743554
mlp_1_0_outputs,14,0.004900317,0.066580564,-0.08224151,-0.043196402,-0.4624576,-0.4637706,0.25907585,0.6588214,0.24599037,0.72372097,0.60644597,0.21631029,-0.05132741
mlp_1_0_outputs,15,-0.7570894,-0.70663136,-0.3258998,0.18344057,0.15678841,0.80903774,-0.05191233,0.1054185,0.06713006,0.45568466,0.102590375,0.17340651,0.008661521
mlp_1_0_outputs,2,0.23820266,-0.38202038,-0.13176009,0.049192883,0.015038267,-0.05227712,0.05675716,0.39085442,0.039473906,-0.3362506,0.02763739,-0.27058002,-0.25906911
mlp_1_0_outputs,3,-2.1625473,-2.187264,-0.6478024,0.32624632,1.4819283,2.8314164,3.1420257,3.203238,2.961127,2.9836338,2.6735768,2.6337276,2.8712707
mlp_1_0_outputs,4,-0.93646485,-0.90871644,-0.5122828,-0.24203779,0.19415851,0.53386843,-0.026088329,0.21795495,0.08639969,0.389816,0.3748241,0.008993654,0.17881794
mlp_1_0_outputs,5,0.9735924,0.3191859,-0.09518593,0.16014317,0.4792278,0.14738087,0.22490267,0.09492613,-0.11801485,0.29768884,0.01097961,-0.36241624,0.2639264
mlp_1_0_outputs,6,-0.5146813,0.011913484,-0.15068565,-0.13242361,0.15220186,0.12131104,0.016852735,-0.058768436,0.37381127,-0.7186854,-0.11287742,0.04680634,-0.2525454
mlp_1_0_outputs,7,-6.173243,-7.8278136,-3.2062926,-0.32484993,0.89130783,2.0951169,2.4392045,2.7263625,2.708011,2.9761858,2.381521,1.9678047,2.0673046
mlp_1_0_outputs,8,-0.7720928,-0.2732354,-0.044129815,-0.2780171,-0.043697935,-0.08472845,0.3241794,0.48087278,0.6769669,0.617542,0.19184497,0.34556097,0.6378749
mlp_1_0_outputs,9,-8.343542,-8.857219,-4.736206,-2.4294994,-1.0982199,0.29943177,0.6947663,1.0661672,1.1998967,1.5576301,1.3503644,1.838028,2.3293395
mlp_1_1_outputs,0,-0.14337796,0.12420558,0.44202545,-0.26559892,0.0498158,-0.4285077,-0.12667157,0.14341818,-0.023249729,0.39921498,0.35089436,0.094007134,0.10373749
mlp_1_1_outputs,1,-10.178543,-8.930568,-3.5209134,-0.8809729,-0.37475935,1.1902268,0.5523573,2.1015358,1.4651138,2.056063,2.3211107,2.4764736,2.2773356
mlp_1_1_outputs,10,-1.923597,0.45309684,0.79900306,1.3885424,0.63056135,1.4996295,1.1143861,0.8903728,0.049152385,0.06092753,0.07644228,-0.42268616,-0.0918551
mlp_1_1_outputs,11,-1.0198697,-0.16700213,0.29212242,0.80145794,0.51258045,2.4680572,2.5619884,2.8801386,1.9580399,2.371545,2.160211,1.3963732,1.7874805
mlp_1_1_outputs,12,-11.679394,-7.0552144,-5.7564554,-5.6898713,-3.220609,-1.7925388,-2.2258492,-0.45923382,-0.6844306,0.71663445,1.3131701,3.3170831,2.4607215
mlp_1_1_outputs,13,0.32261628,0.51758516,-0.22117287,0.16268204,0.032130513,-0.3331593,-0.06172607,-0.1919324,0.104162484,0.3950487,-0.2870663,0.25706118,-0.21483445
mlp_1_1_outputs,14,-14.134493,-11.545996,-1.1428043,0.14597735,0.036518976,0.6492979,-0.7272624,1.747046,1.107441,1.7137245,1.5973934,0.15710792,1.0286009
mlp_1_1_outputs,15,0.008128865,0.07588755,0.14362895,0.04837383,0.09922213,-0.74067634,-0.44410875,0.39418313,-0.42563993,0.022140944,0.2457181,-0.36370322,0.17685889
mlp_1_1_outputs,2,0.76160765,1.4725183,1.7452352,2.2508621,2.0123062,-3.1480243,-1.867262,-1.4187937,-2.9059787,-2.129043,-2.49505,-2.8445241,-3.0950954
mlp_1_1_outputs,3,-4.6714034,-0.87007,-0.09633326,0.8889009,0.86987054,-3.460024,1.1746775,-13.736238,1.3503281,1.9385318,1.8344362,1.1012518,1.385354
mlp_1_1_outputs,4,-13.938157,-10.912225,-4.91329,-2.4530134,-2.1166441,-0.2613602,-0.53235435,1.0740385,0.48282102,1.1365591,1.2069905,1.0105796,1.636731
mlp_1_1_outputs,5,-0.3429117,0.13685402,-0.2363906,-0.21808027,-0.028786976,-0.19177066,-0.23224857,0.43708503,0.04140034,0.06754082,0.2786875,0.51647455,-0.108810484
mlp_1_1_outputs,6,-1.955235,0.13970046,0.62650913,1.112487,-0.020234419,0.30979678,-2.0827696,1.3172938,1.213904,2.1791327,2.4053266,2.022045,2.43842
mlp_1_1_outputs,7,-0.611654,0.20952316,0.62531126,0.5458568,0.2690482,-0.1693138,-0.6498495,-0.4547916,-0.41019514,-0.42630902,-0.574153,-0.46230972,0.40354863
mlp_1_1_outputs,8,-2.1248577,0.08383843,0.61634177,1.1490294,0.34623662,0.35110933,-1.879694,1.0061747,0.5610448,1.4917458,1.5872003,0.5787459,0.9506636
mlp_1_1_outputs,9,0.11858045,0.29206088,-0.11415215,-0.09452492,0.14977331,0.04322997,0.35448208,0.5116608,-0.30029237,0.03167114,-0.1338936,0.17487371,0.45016044
mlp_2_0_outputs,0,-1.7719074,-0.7978766,-0.2820945,-1.1041873,-0.9565869,0.14945559,0.5008808,0.7713316,1.3690459,1.6955086,1.9766762,1.6228002,1.085804
mlp_2_0_outputs,1,2.8954315,3.4750738,3.946913,7.198102,6.337329,5.8622894,4.2548547,2.5925295,0.16936004,-3.1557295,-4.7970653,-4.898884,-6.6856
mlp_2_0_outputs,10,0.72547615,0.62218064,0.46667406,0.32125136,-0.016125897,0.30885857,-0.36824742,0.1897783,-0.41581163,-0.14807332,-0.8554125,-0.5525539,0.25370026
mlp_2_0_outputs,11,0.10103741,0.26234514,-0.70689005,0.12388127,0.2077572,0.008872431,0.39666206,-0.025056997,-0.14507307,-0.09018809,-0.5277869,0.08433743,-0.089915365
mlp_2_0_outputs,12,0.19091712,-0.3387066,-0.6704724,-0.15623587,0.26688665,-0.096467905,-0.5564177,-0.34124738,0.38555762,0.43982348,-0.21752307,0.3863795,-0.07119066
mlp_2_0_outputs,13,0.7735337,1.015784,1.3777386,0.2106041,0.15006843,0.84497166,0.87689924,1.0084972,1.3737421,0.8750646,1.4328951,0.92540896,0.70264417
mlp_2_0_outputs,14,-0.04319367,-0.26838028,0.11801782,-0.06536955,-0.3542158,0.09475212,0.1798888,0.22558373,-0.7030922,-0.27553293,0.06414041,0.38217488,-0.1807738
mlp_2_0_outputs,15,-1.8554239,-0.22769207,0.010438085,-0.8403563,-0.64973843,0.33524314,0.56477016,0.8913544,1.4287415,1.6477556,1.7467895,1.4318564,1.0100464
mlp_2_0_outputs,2,-0.18005769,0.91709405,-0.21704109,1.0678371,1.0708649,-0.2859666,-0.76835686,-1.3785714,-0.30372742,0.54922026,1.0417253,0.09902715,-2.5436919
mlp_2_0_outputs,3,-2.8302152,-0.7780948,-1.2515143,-1.8214734,-1.569242,-1.2621802,0.03461508,0.64165175,1.4554744,2.0536447,2.7061386,3.0429225,1.2854804
mlp_2_0_outputs,4,-0.79598445,0.53390026,0.6318777,-0.052169237,-0.10434919,0.6356766,0.80764717,1.0678598,1.4642581,1.4958197,1.8446507,1.3604363,1.0049598
mlp_2_0_outputs,5,-1.5040971,-0.123762,0.15078351,-0.5862643,-0.35168752,0.47816342,0.77209383,1.0829374,1.7326155,2.0852573,2.3146484,2.2755725,2.2444904
mlp_2_0_outputs,6,-2.288389,-1.3187377,-0.9789409,-1.6190848,-1.375435,-0.30272874,-0.06491657,0.48999155,1.2177224,1.6581421,2.0141246,1.7710009,1.4960529
mlp_2_0_outputs,7,-0.29671752,-0.31425926,-0.035871293,0.15897207,-0.40356,-0.28295287,0.19682428,0.028537806,0.39318,0.07146115,0.5335019,-0.0013887823,-0.30129665
mlp_2_0_outputs,8,0.019412128,0.5638075,0.10581557,-0.091303095,-0.15316859,-0.47420344,0.65028185,0.85863715,0.07813484,0.35369006,-0.33927855,0.028080039,-0.3751497
mlp_2_0_outputs,9,2.8086746,3.0491438,3.3476748,6.4214935,5.0342097,5.0277534,-1.3988186,-2.833192,-5.8699284,-7.689097,-8.337863,-8.046798,-6.210041
mlp_2_1_outputs,0,0.45242655,-0.56019795,0.29030716,0.1972315,0.29411918,0.025861945,0.21810052,-0.07504004,0.33661005,0.16763978,0.48205617,0.082687065,-0.093788356
mlp_2_1_outputs,1,-4.037467,-2.039775,0.45206666,0.72508585,0.31959507,0.4546519,0.88657695,0.92383844,1.2478312,1.0985924,1.674639,1.9299586,2.107057
mlp_2_1_outputs,10,-1.5452763,-0.3223301,1.4458535,1.2808664,0.59610045,0.26454678,0.4053108,0.15911107,0.36852053,-0.08711415,0.81006175,1.0916536,1.348024
mlp_2_1_outputs,11,-0.114028275,0.09466332,0.015952736,0.17478764,-0.17801787,-0.03406816,-0.049456537,0.11889437,-0.38782477,-0.078429714,-0.024015374,0.29228735,-0.1460356
mlp_2_1_outputs,12,-1.4583774,-0.20292887,1.495588,1.4641291,0.97339606,0.3194274,0.8376486,0.93352586,1.3258818,1.048604,1.920085,2.85209,2.8293295
mlp_2_1_outputs,13,0.026635267,0.48917323,0.56063694,-0.18090823,0.0144844875,-0.10242215,-0.34591854,0.29025975,-0.3812624,-0.16781536,-0.24471296,-0.38078147,-0.43044487
mlp_2_1_outputs,14,-2.6431139,-0.7369169,1.5218284,1.6063658,1.0070548,0.7305684,0.9716737,0.856042,1.0998257,0.7604536,1.4092008,1.7295516,1.8671561
mlp_2_1_outputs,15,-2.9447937,-1.7093103,0.6629204,0.844398,0.3856403,0.29933125,0.7079633,0.78290296,1.1476012,0.8624878,1.7022165,2.1402378,2.364604
mlp_2_1_outputs,2,0.051925585,-0.09799889,-0.0138531355,0.12577306,0.17591514,-0.17683144,-0.29768226,-0.2672838,0.040341232,-0.13640487,-0.3261959,0.14694566,-0.34849152
mlp_2_1_outputs,3,-0.7090431,0.96840644,1.6880997,2.3586075,0.5967562,-0.02509374,0.39628088,-0.30270255,0.25374177,-0.14569841,1.152991,2.313085,2.1348066
mlp_2_1_outputs,4,0.03337297,0.8612942,0.033438936,-0.26421925,-0.017681977,0.4521537,-0.29664466,-0.39309525,0.23921452,-0.17199206,-0.038328905,0.4263087,-0.2607829
mlp_2_1_outputs,5,-0.45379964,1.2035793,2.2126296,1.1201726,0.06904029,-0.4571142,-0.21662977,-0.5443005,-0.2604701,-0.66757905,0.17211248,0.5357851,0.83290744
mlp_2_1_outputs,6,-1.434875,-0.55535847,1.5548517,1.4320546,0.8500155,0.3630115,0.5116745,0.48949134,0.7072619,0.3576783,0.79112417,1.2097203,1.3292457
mlp_2_1_outputs,7,-0.58679026,-0.5963833,0.30153915,0.6443492,-0.120018296,-0.11492102,-0.027968206,-0.34610525,-0.18058106,0.13682906,0.1927807,0.16794518,0.464461
mlp_2_1_outputs,8,-1.9989129,-1.1209937,-0.030586023,0.73496133,3.992834,5.7436543,3.168208,1.4601123,-0.8848858,-2.7791812,-4.426868,-5.5115004,-8.303049
mlp_2_1_outputs,9,-0.6143284,0.16625851,0.045861907,-0.20101276,0.119120106,-0.03215921,0.35615972,0.20196277,0.04630615,0.45511225,0.2565717,0.0784452,0.2993933
num_attn_0_0_outputs,_,-6.5881705,-3.0986047,-0.6962344,0.48286936,0.93025744,1.0593866,1.0021043,1.4251243,1.5686879,1.7479688,1.8958737,2.0041077,2.141565
num_attn_0_1_outputs,_,-1.0282152,-1.7114345,-1.0502868,-1.3463863,0.91356456,0.07453657,-0.03874049,0.21066576,-0.5067034,0.6420993,1.3415153,2.0436208,2.7439215
num_attn_0_2_outputs,_,-0.41081223,-0.5893482,-0.5155572,-0.38598374,-0.24765962,-0.06610859,0.27766714,0.51083934,0.43812543,-0.05028861,-0.26078722,-0.28302714,-0.12236295
num_attn_0_3_outputs,_,-4.703177,1.1700858,0.83080417,0.49938312,-0.14575687,-1.6696951,-0.4943969,0.055538133,0.34465465,0.48390058,0.5896806,0.6347694,0.6834148
num_attn_1_0_outputs,_,-1.1510121,-0.9698556,-0.9115733,-0.81014496,-0.70192266,-0.5832082,-0.39260352,-0.15974009,0.27273303,0.84822965,1.0307727,1.1173733,1.1313188
num_attn_1_1_outputs,_,-1.1895205,-1.4733827,-1.3665445,-1.1706287,-0.8169992,-0.12533684,0.31861025,0.6933816,1.0545572,1.3106202,1.469696,1.656175,1.814404
num_attn_1_2_outputs,_,-1.4784265,-1.4209234,-1.3705858,-1.2153505,-0.7893068,0.07285713,0.84974223,1.5803941,2.182344,2.596455,2.9137502,3.0241795,3.295525
num_attn_1_3_outputs,_,-1.5618869,-1.593369,-1.5446111,-1.4124134,-1.1323055,-0.53886926,0.10571797,0.7492749,1.4135906,2.066923,2.622687,3.089592,3.460427
num_attn_2_0_outputs,_,-2.404898,-4.1256776,-1.9437958,-0.55339205,-0.022710143,0.16150533,0.4582419,0.6446268,0.7552508,0.8172764,0.89896,0.97557473,1.048809
num_attn_2_1_outputs,_,-0.7430014,-0.75704545,-0.7686204,-0.77428985,-0.726084,-0.60200465,-0.46184525,-0.30163857,-0.15640609,0.010628708,0.1259647,0.16896178,0.21973284
num_attn_2_2_outputs,_,-1.1802722,-1.140991,-1.3726262,-0.24281159,0.05660357,0.116772205,0.29385483,0.48425925,0.5864793,0.66213787,0.7631764,0.84311646,0.9003757
num_attn_2_3_outputs,_,-1.0718057,-1.229888,-1.2121257,-1.1765317,-0.97012645,-0.54468524,-0.14081563,0.34320584,0.7891568,1.2076889,1.5182606,1.7815616,1.9312378
num_mlp_0_0_outputs,0,-0.720744,-0.8350216,-0.6232225,-0.3309436,0.1358894,0.3302298,0.31082276,0.43956172,0.8007809,0.53928524,0.31687334,0.3997725,0.24406199
num_mlp_0_0_outputs,1,-1.1718501,-0.7830275,-0.38643414,0.08009574,0.2129387,0.6933654,1.2806147,1.6995777,1.6424066,0.5652015,0.09843787,-1.589219,-3.2026653
num_mlp_0_0_outputs,10,-0.41323322,-0.26198983,-0.3075393,-0.022987006,-0.1524536,0.14102797,0.14910644,0.077705376,-0.09562249,-0.44999605,-0.14577007,-0.1418898,-0.06264158
num_mlp_0_0_outputs,11,-0.7175829,-0.4263066,-0.014826608,0.44777447,0.4195478,0.41114143,0.58938766,0.23964761,0.30440563,-0.33243197,-0.047436338,0.05768189,-0.34730542
num_mlp_0_0_outputs,12,-0.45155695,-0.09170186,-0.29838678,-0.0023035707,-0.069068834,0.49365392,0.40345165,0.49929342,0.06632464,-0.3990047,-0.11487727,-0.12952453,-0.39008403
num_mlp_0_0_outputs,13,0.059609096,-0.43158007,-0.21405885,0.14069684,-0.22146545,-0.10001571,0.22862005,0.12745611,0.82804453,0.96305877,1.6761277,0.49173647,-1.3846629
num_mlp_0_0_outputs,14,-6.019823,-0.25428063,-0.5590573,0.3900595,-1.1411561,-2.146196,-2.3918698,-1.892968,-0.7183001,1.1385652,2.409312,3.0648293,3.518787
num_mlp_0_0_outputs,15,-0.30758092,-0.064971864,0.13952361,0.2962089,0.2860456,0.38751376,0.33052012,0.22171055,0.4574162,0.20773198,-0.055569183,0.11141594,0.08672963
num_mlp_0_0_outputs,2,-1.4355307,-1.032166,-0.5736625,-0.3314003,0.019283209,0.25501555,1.1184253,1.797613,1.466764,0.23298068,-0.7111665,-2.6609733,-4.601987
num_mlp_0_0_outputs,3,-0.79861176,-0.75806415,-0.46235067,-0.3593653,-0.1779544,-0.26904586,0.2733095,0.8814471,1.2495569,1.407763,0.8511991,-0.65568346,-2.2186437
num_mlp_0_0_outputs,4,0.63916,0.24712218,0.21302481,0.41929588,0.2593663,0.04576495,0.57868516,0.7115126,0.692435,0.2836954,-0.2337774,-1.790833,-5.22931
num_mlp_0_0_outputs,5,0.44195393,0.25091246,0.33695406,0.56207156,0.32759693,0.40377033,0.7244723,0.8830474,0.58659244,0.03885735,-0.23218024,-1.6686963,-5.434094
num_mlp_0_0_outputs,6,1.4115349,1.021391,0.67974395,0.6094252,0.3118116,-0.08300311,0.11877004,0.21515808,0.34937146,0.49981457,0.44904006,-0.66256666,-3.7843153
num_mlp_0_0_outputs,7,-0.20086874,-0.34484467,-0.08810709,0.22173049,0.2663984,0.6259894,0.7087373,0.5226357,0.14163223,-0.2629926,-0.027481414,0.02461238,-0.39801416
num_mlp_0_0_outputs,8,-0.8597737,-0.46268275,-0.2243679,0.19197062,0.29706973,0.44793305,0.5116288,0.28951877,0.09321272,-0.5868243,-0.26951087,-0.39833802,-0.6220654
num_mlp_0_0_outputs,9,-0.29403368,-0.15461615,0.08132327,0.4132826,0.42806113,0.7283517,0.916118,0.7216227,0.15081117,-0.43451688,-0.3621145,-0.25183657,-0.46562147
num_mlp_0_1_outputs,0,-4.5030537,-5.1468043,-2.740277,-1.6821938,-1.004239,-0.5495004,-0.10370778,0.15999125,0.3760179,0.8551523,1.215462,1.4648035,1.8790364
num_mlp_0_1_outputs,1,-1.3966261,-0.64239085,-0.27122283,0.21257308,0.1951693,0.894164,0.93096155,0.65733856,0.29380497,0.36335075,0.3939935,-0.11529121,-0.17684822
num_mlp_0_1_outputs,10,-0.16352427,-0.7541216,-0.5500125,-0.5184667,-0.6089533,-0.33864367,-0.23544888,0.26920047,0.63516647,0.5522984,0.3799372,0.1974157,0.2863004
num_mlp_0_1_outputs,11,-0.24435915,0.12716286,0.0969968,0.26119173,-0.07443848,0.2528899,-0.026258467,0.024591155,0.2103284,0.06759105,0.10630891,0.007679548,0.2542746
num_mlp_0_1_outputs,12,-0.013107949,-0.39343265,-0.23207721,-0.34433642,-0.16487652,0.054916263,0.03879123,0.6590737,0.8234118,0.7145332,0.28203705,-0.054181673,-0.33641815
num_mlp_0_1_outputs,13,-0.46121356,-1.1911243,-1.0235121,-0.88031775,-0.8772738,-0.5029114,-0.18457942,0.68371356,0.9325244,1.0094527,1.0004034,0.8050738,0.6455481
num_mlp_0_1_outputs,14,17.301476,0.7828259,2.3003235,0.76795447,0.14298694,0.18217768,-0.52309406,-0.4421508,-0.5883761,-0.50572455,-0.67197,-0.86678296,-0.7912755
num_mlp_0_1_outputs,15,-0.05053013,-0.3491367,0.38041422,0.035155967,-0.15500315,0.36078572,0.15167055,0.13653646,0.29714218,0.23058885,0.07941424,0.012552969,0.15702778
num_mlp_0_1_outputs,2,-10.382404,-3.4526453,-1.7151785,-0.89914024,-0.36525935,-1.5337632,0.3895119,1.0051899,1.4810157,1.7942975,1.9805322,1.9335078,2.0523777
num_mlp_0_1_outputs,3,4.389386,-1.7822415,-0.646398,-0.24641015,-0.15308267,0.71546096,-0.037232578,0.4067978,0.63053894,0.8183282,0.90414774,0.7080178,0.83866435
num_mlp_0_1_outputs,4,6.9658628,11.445953,-2.0276644,-3.5394528,-3.968185,-0.4240498,0.6444959,-0.6685404,-1.0595003,-1.0293682,-1.0879202,-1.2899189,-1.197665
num_mlp_0_1_outputs,5,-10.760452,0.16133949,0.66313374,0.38849622,0.3976385,0.62680376,0.43022007,0.81832945,0.86851937,1.1466367,1.2922207,1.3345063,1.5540783
num_mlp_0_1_outputs,6,-3.6955218,-1.4527107,-0.7423094,-0.31123245,-0.11138017,1.1212025,0.86049294,0.72531956,0.55569917,0.65900433,0.60163236,0.43639633,0.4421451
num_mlp_0_1_outputs,7,-0.2423011,-0.7486569,-0.3080285,-0.42261508,-0.5278239,-0.20967288,0.13296823,0.80678135,1.057741,1.0138388,0.94027525,0.62614876,0.5137122
num_mlp_0_1_outputs,8,-0.11964594,-0.7176129,0.060909625,-0.02858882,-0.22707772,-0.15020688,0.0656609,0.52907985,0.2787878,0.26515198,0.11312081,0.07854562,0.13160919
num_mlp_0_1_outputs,9,-0.15453511,-0.64246947,-0.20628718,-0.41715908,-0.6826589,-0.17408815,0.00043441466,0.25182322,0.5561798,0.5631198,0.49758694,0.27862802,0.101133674
num_mlp_1_0_outputs,0,-2.1189156,-1.6410183,-1.2653532,-0.4322415,-0.059467237,0.17866597,0.34915006,0.5490954,0.7981816,0.691806,0.7743733,0.77494055,0.4378788
num_mlp_1_0_outputs,1,-0.23188451,0.3792331,0.1931892,0.11809612,0.15037516,-0.065565415,-0.027347678,-0.0966679,-0.0038881805,-0.21967442,-0.34414074,-0.091633014,-0.57333744
num_mlp_1_0_outputs,10,-0.5200874,-0.091836356,-0.38894686,0.23461932,0.3093009,0.16478544,0.27331966,0.016847685,0.02113523,0.10749882,-0.05764415,-0.36625415,0.069281764
num_mlp_1_0_outputs,11,0.356494,0.1347993,0.12491702,0.37988606,0.32065842,0.098827116,-0.023496907,0.13896696,-0.22885233,-0.10803751,-0.44860467,-0.3636812,-0.5189355
num_mlp_1_0_outputs,12,-0.32373026,0.050696027,0.106447645,0.011855713,0.086775936,0.15105957,0.18701652,-0.13806903,0.032998003,-0.061991252,0.38216576,0.091399655,0.15941294
num_mlp_1_0_outputs,13,-4.067888,-2.3199778,-2.2826738,-1.7494619,-1.3929119,-0.9293901,-0.1335727,0.6465327,1.1721557,1.3270339,1.5365019,1.7433646,1.3975787
num_mlp_1_0_outputs,14,-2.9076705,-1.6027288,-1.5575773,-0.862371,-0.26324186,0.2710452,0.8892629,1.1097044,1.2529697,1.1192534,1.033382,0.9140811,0.32179934
num_mlp_1_0_outputs,15,-0.5175481,-0.25845006,-0.3457409,0.31739217,0.3572329,0.034129303,0.04326175,0.18380441,0.69203675,0.53922457,-0.13705304,0.4147212,-0.10036847
num_mlp_1_0_outputs,2,0.29785788,0.44209674,0.31180695,0.7709306,0.6296461,0.48242176,0.18866856,0.1939178,0.03653612,-0.41896382,-0.5542811,-0.9636149,-1.959392
num_mlp_1_0_outputs,3,-0.9818596,-0.48865834,-0.4864296,0.30288473,0.56972,0.599901,0.65295285,0.76316196,0.8126528,0.42571718,0.47743654,0.26786676,-0.29354343
num_mlp_1_0_outputs,4,-0.8409829,-0.3732062,-0.42542657,0.301687,0.28352994,0.084952794,-0.58908504,0.36565298,0.7468964,0.46294314,0.479075,0.35818776,0.3804334
num_mlp_1_0_outputs,5,-0.27996114,-0.18194091,-0.06331637,0.8911564,0.63012034,0.51110977,0.022967527,-0.22096245,-0.44447684,-0.6370389,-0.23571701,-0.77871954,-0.5045749
num_mlp_1_0_outputs,6,-0.44946715,-0.48983932,-0.19617063,0.2938101,0.16046038,-0.1559112,-0.33896613,0.2538159,-0.0067003914,0.2403446,0.55923057,0.5698743,0.20545444
num_mlp_1_0_outputs,7,-0.058857165,-0.74596184,-0.038682576,0.042299658,0.58391625,-0.13732028,0.007665144,-0.16251744,0.65589386,0.29586846,-0.10996642,-0.2570152,-0.1859295
num_mlp_1_0_outputs,8,0.066474475,0.082218796,0.13557476,-0.26404494,0.2545184,-0.0092569,0.13004598,0.00046775216,0.20966229,0.18807386,0.009766663,0.06512504,0.4395994
num_mlp_1_0_outputs,9,0.15652937,-0.13561648,0.160031,-0.2681784,0.008035945,0.2054062,-0.05125786,-0.0120732635,0.12850758,-0.1978239,0.041331124,-0.27516752,-0.03057984
num_mlp_1_1_outputs,0,-1.8745064,-0.5717279,0.027420666,0.072700664,0.41949874,0.8578171,0.16338341,0.076502465,0.61675406,0.71903527,0.90993994,0.42599994,1.2040116
num_mlp_1_1_outputs,1,-0.27198663,-0.5309534,0.19419993,0.14260972,-0.23164618,0.2334808,-0.09375065,-0.20820521,0.09746597,0.22607635,-0.24540366,-0.47858483,-0.28258482
num_mlp_1_1_outputs,10,-0.5343527,-0.19139352,-0.2204138,-0.039669055,0.18414845,0.15792099,-0.022457235,0.3843596,0.032711927,0.30970573,0.3242318,0.14504778,0.2697015
num_mlp_1_1_outputs,11,-0.8807923,-0.9225081,-0.3182591,0.14939812,-0.13691422,-0.2529743,-0.37834868,-0.36897507,0.27919853,1.3759035,1.5456921,1.2147918,2.047431
num_mlp_1_1_outputs,12,-1.23642,-1.2173414,-0.66439646,-0.19523968,0.07594244,0.38560373,0.41445148,0.8664393,0.76335704,0.6224773,-0.004425287,-0.29156077,0.4292669
num_mlp_1_1_outputs,13,-0.279524,-0.5291715,-0.26091632,-0.5396039,-0.19403845,-0.040557522,-0.015477067,0.3581185,-0.13952102,0.48826602,0.33524388,0.33282432,0.43102136
num_mlp_1_1_outputs,14,-0.28136438,-0.28447545,-0.14383708,-0.59278524,-0.076625295,0.13331541,0.28042746,0.44774383,0.38461405,0.4614959,0.51458496,0.16148816,0.15095736
num_mlp_1_1_outputs,15,-0.7140575,-1.4412735,-2.7556279,-4.1766853,-4.049986,-2.7952158,-1.8864032,-0.8938252,-0.1015937,0.8422622,1.470532,1.6330714,2.3360987
num_mlp_1_1_outputs,2,-0.25305355,-0.6136262,-0.57087976,-0.093370594,0.32596862,0.408138,-0.013455675,0.3246909,0.45274302,0.23566549,0.5448404,-0.04401584,0.058355756
num_mlp_1_1_outputs,3,-0.7846917,-1.0899904,-0.5623192,-0.22805144,-0.1840256,0.11093406,0.40740377,0.8333866,0.94964933,0.8573405,0.37272537,0.069027714,-0.49931338
num_mlp_1_1_outputs,4,0.12469016,0.014585379,0.0432519,-0.48769385,0.12780786,0.49054033,0.18776657,0.15276682,0.45490316,0.04569784,0.06575189,0.14985318,0.06656025
num_mlp_1_1_outputs,5,-1.5364146,-0.8099153,-0.3387851,-0.008638378,0.66128594,0.8547126,0.94258153,1.0488944,0.75760555,0.91815686,0.7802613,0.45275426,1.4688767
num_mlp_1_1_outputs,6,-0.68068784,-0.22511372,-0.29432568,-0.3580361,0.06879157,0.4602413,0.3137655,0.36377972,0.27398616,0.2662633,0.08927585,-0.33832726,-0.6068507
num_mlp_1_1_outputs,7,-2.0584688,-1.5167106,-0.9140945,-0.32587606,-0.022510566,-0.07043115,-0.01633425,0.40688205,0.45616928,1.0250338,1.2941471,1.2512956,1.4255539
num_mlp_1_1_outputs,8,0.15060297,-0.31806165,-0.14264318,-0.22715276,0.21680014,0.4260179,0.03180226,0.21535607,-0.07975407,-0.31829557,-0.07917705,0.16530177,-0.44378185
num_mlp_1_1_outputs,9,-0.6323947,-0.05877075,-0.12959212,0.077394664,0.10147123,0.15833819,0.26910442,0.39577237,0.2571283,0.39918867,0.060297526,-0.08681373,-0.33174676
num_mlp_2_0_outputs,0,-0.66686845,-0.19796643,-0.2900034,-0.05028196,-0.45538086,-0.060640182,-0.14717585,-0.14085695,-0.1647396,0.5403921,0.43286136,0.12125036,-0.017442023
num_mlp_2_0_outputs,1,-0.28474537,-0.17695242,-0.11159037,0.15675485,-0.04881735,-0.17954862,-0.10522772,0.10402434,0.0608535,0.38130635,0.35955137,0.049936384,0.20746945
num_mlp_2_0_outputs,10,-0.471466,-0.10885757,-0.27607307,0.12128346,-0.23684113,0.009560094,-0.43494305,-0.12475459,-0.12805241,0.357114,0.07016731,-0.060030274,-0.30939096
num_mlp_2_0_outputs,11,-0.72173434,-0.5387853,-0.3237488,-0.43397623,-0.6919052,-0.85824573,-0.6267298,0.2458079,1.1287308,1.1828929,0.89584136,0.500693,-0.120675564
num_mlp_2_0_outputs,12,-0.27368402,-0.2844809,-0.1345321,0.02182304,-0.028632566,0.14931694,0.113969,-0.21072547,0.23310967,0.5475077,0.4794755,0.32306418,0.3485961
num_mlp_2_0_outputs,13,-0.33304465,0.20974264,0.12357562,-0.2029871,0.18276137,-0.106212765,-0.24147193,-0.1089162,-0.36713168,0.11713596,0.12687492,-0.06427156,-0.026165886
num_mlp_2_0_outputs,14,-1.4286307,-0.84841245,-0.098413475,0.3163499,0.35669997,0.6270787,0.96547675,1.1210182,0.6042493,0.31521147,0.07898438,-0.20592211,-0.7333586
num_mlp_2_0_outputs,15,-4.1170144,-3.915177,-2.775327,-0.83678687,-0.4676991,-0.43401054,-0.45965254,-0.35325164,-0.3828189,0.80598575,1.3836671,2.1251693,2.7971396
num_mlp_2_0_outputs,2,-0.18183818,0.041386444,-0.040502433,0.23765983,0.022399815,0.019442026,0.07674697,0.21338995,0.17048989,0.40214914,0.1601908,-0.33058503,-0.18044052
num_mlp_2_0_outputs,3,-2.1212075,-2.3390977,-4.058477,-0.3859815,0.28685108,0.97286034,1.4761505,1.6279359,1.0802468,0.73380053,0.40108678,0.030811548,-0.484161
num_mlp_2_0_outputs,4,-0.45746034,-0.24874154,-0.03735174,-0.050610937,-0.29641032,-0.061264116,-0.25897288,-0.17743579,-0.011717148,0.44649193,-0.0061094994,0.305113,-0.07778309
num_mlp_2_0_outputs,5,-0.37930495,0.33561614,0.616684,0.22489929,0.03532991,0.14251053,0.4881364,0.63310945,0.18672156,-0.08233734,-0.3169969,-0.5916763,-1.114188
num_mlp_2_0_outputs,6,-0.63379806,-0.45163488,-0.26424038,-0.14315337,-0.5262544,-0.43723089,-0.27398482,0.34918606,1.1409034,1.1084516,0.57121885,0.18437642,-0.11466979
num_mlp_2_0_outputs,7,-5.186381,-6.227937,-7.2179055,-6.178529,-4.2996616,-3.302772,-1.8413812,-0.49838427,0.24877454,1.1580005,2.004899,2.8603513,3.6057942
num_mlp_2_0_outputs,8,-0.37868765,-0.15164448,-0.31580213,-0.6187756,-0.90661925,-0.16849916,-0.3505457,-0.2504533,0.046189778,0.81285757,1.0560341,0.54465425,0.14334947
num_mlp_2_0_outputs,9,-0.95564646,-0.5845664,-0.4817949,-0.43868622,-0.53780496,-0.609294,-0.48111194,-0.006081625,1.0378283,1.2296832,0.78006756,0.4849029,0.18994085
num_mlp_2_1_outputs,0,-1.8734897,-0.05194671,-0.15364629,0.91218746,-1.7857748,0.7050256,0.97547305,0.4495832,3.2777154,1.9985383,0.92389774,-0.54245514,-0.66748166
num_mlp_2_1_outputs,1,-0.086389616,-0.070208445,-0.12995693,-0.6985021,-0.3354275,0.0909911,0.15847969,-0.02713604,0.39042044,0.45265192,0.24132994,-0.04193506,0.07930866
num_mlp_2_1_outputs,10,-0.44223034,-0.378588,-0.13269445,-0.4324886,-0.39550492,-0.2758445,-0.31039762,0.49607602,0.2765264,0.66885847,0.5145677,0.07995261,-0.43435773
num_mlp_2_1_outputs,11,-2.076592,-0.74294454,0.19514461,0.34297925,0.91666794,1.5578115,1.0456939,0.6611153,0.041971613,0.16329868,0.09690404,-0.32540026,-2.4282544
num_mlp_2_1_outputs,12,-0.10178899,-0.21577525,0.19190684,-0.3886856,0.09391791,0.13691144,0.8185547,0.20387101,0.30462182,0.59532946,0.17119925,-0.052231055,-0.6268622
num_mlp_2_1_outputs,13,-0.7002142,-0.08919423,0.064226106,-0.011825052,-0.3865047,-0.01655066,0.321045,0.5947432,0.109564446,0.6398682,0.36439127,0.13457583,-0.31832412
num_mlp_2_1_outputs,14,-0.32716373,0.7875497,0.418054,0.7746339,-0.73815113,0.41765937,0.8024157,1.3360199,1.5075966,0.7094726,-0.28808406,-1.3653263,-3.6206954
num_mlp_2_1_outputs,15,-0.924498,-0.016965613,0.49463528,0.6602866,0.7824701,1.2821627,1.6077595,2.0452178,2.2994561,1.586876,0.2906519,-1.3704293,-3.5007312
num_mlp_2_1_outputs,2,-4.002691,-8.367167,-5.3562903,-3.1930804,-7.2166157,-1.4473939,1.0516038,1.7253381,5.0264664,1.9451321,0.95881677,1.1324637,2.5764346
num_mlp_2_1_outputs,3,-0.29009047,-0.23796429,0.08443148,0.15082793,0.6675395,1.0956913,0.8839815,0.68388665,0.48517433,0.3056835,-0.28569496,-0.21907593,-1.4144862
num_mlp_2_1_outputs,4,-0.5063008,-0.35444632,-0.71025395,-0.34502926,-0.28449425,0.09593731,-0.17813198,0.5182623,0.32954797,0.5406134,0.30002123,0.0429823,-0.13866709
num_mlp_2_1_outputs,5,-0.32641646,-0.6516665,-0.60427666,-0.3016065,-0.53452665,0.57001835,0.57053393,0.19589347,0.5905235,0.37409922,0.005896345,0.057106186,-0.18335861
num_mlp_2_1_outputs,6,-0.6096427,-0.29464108,-0.28842723,-0.31853682,-0.066128686,-0.096986696,-0.81152916,0.2703223,0.22241397,0.5829378,0.5555925,0.3875003,0.8652239
num_mlp_2_1_outputs,7,-0.19466394,-0.59607065,-0.091618136,-0.23433007,-0.43822378,-0.4935575,0.16557136,0.13528153,0.8542724,0.3324003,-0.06920852,-0.11510523,-0.009782006
num_mlp_2_1_outputs,8,-0.15882729,0.21684267,0.24904656,0.6708455,0.5337496,1.1392487,1.5253341,0.8162212,0.027348943,-0.25728378,-0.69909656,-1.3533813,-3.2012699
num_mlp_2_1_outputs,9,-0.45297068,-0.65990525,0.09572735,-0.29876798,1.948567,0.495585,-0.19763908,-0.21523724,-1.5492798,0.12145535,0.97447294,1.41767,0.56698465
num_var0_embeddings,_,-0.64320624,-0.43334383,-0.5587273,-0.6615623,-0.89691424,-0.3798409,-0.34599936,-0.047370493,0.15522523,0.31826866,0.46544063,0.51532084,0.772793
positions,0,-0.18443292,0.29924285,-0.52752775,-0.28361335,0.27933002,-0.20390868,0.23352687,0.035650633,0.2944763,0.038352616,-0.2753546,0.17233911,-0.12126452
positions,1,5.0194283,6.5721755,5.60294,2.3431575,-0.46538395,-0.33724168,-5.750127,-7.328775,-6.102895,-6.149934,-5.57953,-6.4207163,-6.3242393
positions,10,-7.1903634,-17.20173,-17.024424,-7.5974607,-4.575132,-4.382503,-2.8006313,-0.7998377,1.2367616,2.1872687,3.554102,3.270858,3.8911116
positions,11,-12.270903,-15.648638,-7.711467,9.927778,12.033838,4.500337,5.305709,3.3568969,2.0925126,0.40619108,0.0009776417,0.40392864,-0.15715021
positions,12,-18.445595,-7.012616,-4.03896,7.778269,5.5243983,-7.4482203,2.438551,2.6792557,2.4756103,1.0396175,1.4424998,0.6379436,1.6429352
positions,13,-17.785471,-3.6620212,-3.3455515,-3.8232298,-6.867147,-7.7632895,2.7856421,3.2801528,2.2903323,1.3380336,2.2442553,1.8376591,2.2371352
positions,14,-16.868536,-5.1940823,-4.196114,-2.5537944,-5.38097,-15.193962,-9.294343,-4.426837,-3.19659,-1.1376331,1.0267849,2.7513256,3.2746034
positions,15,0.13169399,-0.0546338,0.33848286,-0.24181747,0.021881873,-0.24219523,-0.06643143,0.0031735403,-0.19147803,-0.24213913,0.24680011,0.35910785,-0.27889058
positions,2,-4.049573,1.2157041,2.926517,3.1606297,2.811576,1.0634949,1.0577261,-0.039162096,-0.83130705,-1.8630207,-2.343388,-1.9850291,-1.6712184
positions,3,11.577022,3.7680736,2.7227137,1.9873139,1.3410528,-1.0891385,-0.90473926,-2.1949637,-2.8640707,-3.5726902,-3.7223194,-2.9329565,-1.765812
positions,4,-15.066648,-7.596804,-3.2968845,-0.09510747,1.2242767,3.6643465,2.8216765,3.0618567,3.1723254,2.6060672,1.6708018,0.87838584,0.5931235
positions,5,-7.0908985,-4.4408426,-0.92961043,1.4400033,1.9178829,2.4743233,1.0402735,1.0012382,0.9148236,0.43580464,0.0114114955,-0.28243032,-1.2201054
positions,6,-6.3770432,-5.855769,-7.255833,-5.120452,-3.274027,-0.25155234,1.1763163,1.7605728,2.8823054,3.2953217,3.811649,4.073567,4.722484
positions,7,-5.6353807,-3.3651214,-4.380141,-4.317911,-2.5425603,1.0179793,1.5338506,1.9548723,2.6617036,2.0111856,2.2350848,2.2356064,3.151407
positions,8,-9.464957,-10.893303,-5.4788733,-1.47162,-0.23876613,1.0052792,1.6276426,1.1737703,1.4191339,1.0717897,0.7401605,2.1192222,-0.79872596
positions,9,-3.4641907,-17.752695,-15.602035,-10.691867,-8.500113,-6.519862,-4.877333,-1.7867169,0.78758323,2.9330933,4.6022463,5.4852214,7.711781
tokens,0,2.1291144,1.6915902,2.0464323,1.2093103,0.4671501,-0.072109714,-1.0366281,-1.0962145,-0.8824148,-0.8840759,-0.65244406,-0.8098057,-0.72017336
tokens,1,1.6074612,2.3069305,1.3698713,0.72582406,0.33003926,-0.012250912,-0.81331027,-0.81397825,-0.79409015,-0.8686466,-0.6583388,-0.7587927,-0.48795483
tokens,10,2.082901,1.9791399,2.5359857,1.0547879,0.21334995,-0.15147614,-1.1095997,-1.032498,-1.0825287,-1.0522684,-0.8694759,-0.9876902,-0.6083013
tokens,11,0.62204635,1.0846343,1.5019192,2.3344715,0.5219617,0.14750683,-0.9795303,-1.1300076,-0.89805347,-1.0654134,-0.8960662,-0.9709244,-0.8114938
tokens,12,-0.474936,-0.053368308,0.42011043,0.80702657,2.3293645,0.96221554,-0.26609614,-0.91631025,-0.89408964,-0.91670424,-0.84803355,-1.0110818,-0.9607259
tokens,2,-2.1319149,-1.722854,-1.0832618,-0.54922825,0.222271,0.9736988,0.38213772,0.11548541,0.15535213,-0.07814991,-0.1702422,-0.36128804,-0.70589215
tokens,3,-1.8890599,-1.4878489,-1.2216996,-0.88582444,-0.035048265,0.7682063,1.5527309,0.97862023,0.54587114,0.03418052,-0.22476351,-0.72058946,-1.166899
tokens,4,-2.1032822,-2.3403285,-1.8508464,-1.7508684,-0.61405534,0.13837935,1.088987,2.8925812,1.0656291,0.27876052,-0.35073748,-0.81913465,-1.4220878
tokens,5,-2.538728,-2.7604947,-2.1810253,-1.9357053,-0.87828314,-0.27529398,0.38112006,1.3523945,2.8719747,1.3488941,0.5683448,-0.062178183,-0.85473835
tokens,6,-3.199532,-3.1072369,-2.5699403,-2.2471888,-1.2007986,-0.87689966,-0.14529127,0.5840956,1.2897263,2.808857,1.1915209,0.58020866,-0.24038254
tokens,7,-3.140286,-3.1067529,-2.6122353,-2.1907809,-1.136665,-0.8955436,-0.32650414,0.04767972,0.6181049,1.2346085,2.539653,1.3290273,0.5337328
tokens,8,-2.9947386,-3.1941352,-2.6923664,-2.4157524,-1.3976427,-1.1718084,-0.6645434,-0.14102812,0.1774273,0.7366445,1.224811,2.6628134,1.529918
tokens,9,-3.00632,-3.1369972,-2.6423483,-2.5195832,-1.5535,-1.4644827,-0.9219683,-0.44060457,-0.053597186,0.5489658,1.043946,1.8786458,3.9311404
tokens,</s>,-0.17333259,-0.39750394,-0.18652347,-0.05663295,0.19212967,-0.12704828,-0.23515269,0.1283358,-0.09047708,0.53733075,0.32078412,0.20173268,0.18097782
tokens,<pad>,-0.40664348,-0.38453215,0.04854714,0.0443958,0.10002228,-0.1840293,-0.47998473,0.052187465,-0.33630526,0.23708518,-0.19525793,0.0845139,-0.07068468
tokens,<s>,-0.50872034,-0.4235396,-0.6032204,-0.19960392,-0.41295034,-0.20672286,0.14470023,0.40825638,0.15898807,0.6403503,0.6098676,0.081447855,0.24042813
