feature,value,0,1,2,3,4,5,<s>
attn_0_0_outputs,0,-0.52472633,0.05840601,-0.33706477,0.13061292,0.048475377,-0.09295,0.0038660571
attn_0_0_outputs,1,-0.33103117,-0.41509852,-0.3818745,-0.19577047,-0.18427655,-0.4216228,-0.40973592
attn_0_0_outputs,2,-0.2878676,-0.16626918,-0.6157802,-0.23502842,-0.14300916,-0.28637236,-0.8800317
attn_0_0_outputs,3,-0.14191967,0.07367301,-0.22936668,-0.1145937,-0.021221062,-0.10367699,-0.18156688
attn_0_0_outputs,4,0.02511803,0.23301436,-0.04399863,0.25770706,-0.22014253,0.055284288,0.24767424
attn_0_0_outputs,5,-0.023311999,0.14854555,-0.105440274,0.11140888,0.15215324,-0.22797401,-0.020674385
attn_0_0_outputs,<pad>,-0.3810804,0.16531442,0.12957631,0.1734571,0.5893641,-0.62015945,0.17672911
attn_0_0_outputs,<s>,-0.31421766,-0.009126148,-0.3444848,-0.15935187,-0.16090424,-0.4046716,0.16024017
attn_0_0_outputs,_,0.42157263,-0.054507084,-0.21401118,0.33654514,0.45677394,0.7464421,0.10487186
attn_0_0_outputs,_,0.3742673,0.26080927,0.54380304,0.5976644,-0.5407245,0.17630191,-0.27537146
attn_0_0_outputs,_,-0.1197709,0.11049111,0.43221876,-0.22632918,-0.15023805,0.18287525,-0.49514723
attn_0_0_outputs,_,0.28354305,0.019538833,0.07499267,-0.05156765,-0.20051491,0.14667492,-0.90073144
attn_0_0_outputs,_,0.52610767,0.3249465,-0.43272522,0.032740295,0.36608514,0.30073467,0.017236399
attn_0_0_outputs,_,0.16898806,0.06142566,-0.06439045,0.038495533,0.2794283,0.21722108,-0.48297736
attn_0_0_outputs,_,0.03251833,-0.032098345,-0.0076881326,-0.06895946,-0.14132036,-0.18761477,0.33169243
attn_0_0_outputs,_,0.70270735,0.8751071,0.242314,0.4617615,0.9508369,-0.10178542,0.14386156
attn_0_1_outputs,0,-0.17472054,-0.33563834,-0.02903409,-0.133493,-0.06246493,-0.57791024,0.30718902
attn_0_1_outputs,1,0.19061756,0.013865483,0.261418,-0.14243996,-0.1662137,-0.17432196,0.31763503
attn_0_1_outputs,2,-0.05276985,-0.23923366,0.119908236,0.00073733716,0.089623526,-0.72813654,0.009012756
attn_0_1_outputs,3,0.0031636565,-0.22008438,0.1724512,-0.09920963,0.23331004,-0.34575585,0.021303922
attn_0_1_outputs,4,0.3128302,0.042678196,0.45641395,0.16038151,0.51222336,-1.5238271,0.21194953
attn_0_1_outputs,5,0.20016572,0.039660186,0.29724288,0.07742046,0.05803761,2.1485636,-2.9868538
attn_0_1_outputs,<pad>,-0.35738975,-0.2719946,-0.105128795,-0.10297603,0.20992222,-0.11651888,-0.23631565
attn_0_1_outputs,<s>,-0.24028522,-0.35400876,-0.05826651,-0.047966767,-0.30859214,-2.2335112,3.8798857
attn_0_1_outputs,_,0.51347136,-0.15096284,0.2595652,-0.17184556,0.05462654,0.53912,0.016268864
attn_0_1_outputs,_,0.5981992,-0.07870505,-0.19896366,-0.18715261,-0.2115162,0.14412235,-0.54305065
attn_0_1_outputs,_,0.26414296,0.19840743,-0.26763362,0.40008685,0.27896228,0.30044967,-0.019111473
attn_0_1_outputs,_,0.5938206,-0.24423565,0.26277703,0.30744463,0.19242944,0.4659053,-0.5712858
attn_0_1_outputs,_,0.10020535,-0.116581954,-0.11347186,0.15596427,0.34304783,0.008455555,-0.4009257
attn_0_1_outputs,_,-0.011353531,0.008121955,0.049574774,-0.38143134,0.41365328,0.6596852,-0.33371022
attn_0_1_outputs,_,-0.3167849,-0.039161403,-0.20300236,0.32124963,0.54466116,-0.47488034,-0.28832662
attn_0_1_outputs,_,0.50411224,0.14140658,-0.29399404,0.41018432,0.095721826,-0.15322629,-0.59664935
attn_0_2_outputs,0,0.17086953,0.008940496,-0.19798204,-0.114033215,0.069093995,-0.15228587,-0.09539947
attn_0_2_outputs,1,-0.13087696,0.28460118,-0.09330747,-0.0732725,0.16395205,-0.09323306,-0.34111023
attn_0_2_outputs,2,-0.10102795,-0.050895777,0.18717027,-0.10493354,0.15592824,-0.096425354,-1.016793
attn_0_2_outputs,3,-0.18513243,-0.11072826,-0.23493984,0.05350849,0.0109102605,-0.25247383,-0.50896776
attn_0_2_outputs,4,-0.17925364,-0.09529437,-0.078696735,-0.14099085,0.3000047,-0.14783257,-0.09059468
attn_0_2_outputs,5,0.14699434,0.18188451,0.14581916,0.043666143,0.42553955,0.5497304,0.050554518
attn_0_2_outputs,<pad>,-0.090814695,0.040496755,-0.53788596,-0.4775452,0.091925584,0.34159878,0.082855746
attn_0_2_outputs,<s>,0.24156062,0.46191522,-0.052238427,-0.18362193,-0.07606084,-0.30376318,1.4279717
attn_0_2_outputs,_,0.2173313,0.1116801,0.21089344,0.55953574,0.2716184,0.36135396,-0.7209535
attn_0_2_outputs,_,0.88166076,-0.16029066,0.42706597,0.36560115,-0.1805432,0.2732574,-0.08960753
attn_0_2_outputs,_,0.35178456,-0.16798352,0.058713257,-0.2839209,0.19210182,0.5592564,0.0073706834
attn_0_2_outputs,_,0.31862205,-0.41881132,0.024411306,0.07385728,0.34848437,-0.14129764,-0.41233218
attn_0_2_outputs,_,0.28223014,0.29536983,-0.56326425,-0.08435081,0.42298147,0.20950072,-0.05755079
attn_0_2_outputs,_,0.29194447,-0.360164,0.015584438,0.28660974,-0.13598458,0.23197852,-0.09592749
attn_0_2_outputs,_,-0.10731092,0.26655883,-0.39678353,0.15011092,0.07796472,-0.520593,-0.18847176
attn_0_2_outputs,_,0.052640446,0.10122024,-0.29775152,0.37440926,-0.52350366,-0.58846265,-0.08094471
attn_0_3_outputs,0,0.28211993,-0.08750738,0.18791953,-0.20502783,0.23756216,-0.19972101,0.46400136
attn_0_3_outputs,1,0.024656437,-0.21753865,-0.13933454,-0.19303994,0.12844983,-0.3258184,-0.26939356
attn_0_3_outputs,2,0.3423212,0.0049987747,0.26602384,0.15528125,0.37488174,0.020257046,-0.70672834
attn_0_3_outputs,3,0.27729943,0.08633311,0.28919226,0.13781738,0.33496317,-0.048222397,-0.22147605
attn_0_3_outputs,4,0.07405519,-0.1630417,0.003759846,-0.089437254,-0.06337227,-0.30429456,0.12379556
attn_0_3_outputs,5,0.231585,0.16997479,0.26223522,0.12925817,0.61214876,0.31177062,0.100064784
attn_0_3_outputs,<pad>,-0.5427397,0.1849463,0.080538414,-0.3605557,0.35306492,-0.6145697,0.31440184
attn_0_3_outputs,<s>,0.10726772,-0.031234067,0.34714988,-0.012786947,0.17335981,-0.01646182,-0.0039167535
attn_0_3_outputs,_,0.72335273,-0.03202798,0.46941188,0.51493543,0.50299925,0.5478035,-0.55328155
attn_0_3_outputs,_,0.62495095,0.17689936,-0.05529305,0.08579224,-0.034413993,0.35730332,-0.022270707
attn_0_3_outputs,_,0.6836736,-0.042006206,0.2497695,0.14931148,0.007192059,0.5509217,-0.12593226
attn_0_3_outputs,_,0.34683743,-0.079649664,0.23741275,0.22503313,0.11975166,0.52762234,-0.16729398
attn_0_3_outputs,_,0.56133187,-0.097549744,-0.59145784,-0.09215951,0.3339232,0.21514308,-0.121385954
attn_0_3_outputs,_,0.569165,0.26950258,-0.30840793,0.29834577,0.3342933,0.2873255,0.006475084
attn_0_3_outputs,_,0.22155331,0.23692517,0.368534,-0.048836656,0.49056754,-0.42671582,-0.58960146
attn_0_3_outputs,_,-0.49495792,1.0125735,0.103189215,-0.0044503827,0.6647022,-0.31447607,0.16109657
attn_1_0_outputs,0,-0.15492699,-0.020304378,-0.089758396,-0.14664763,-0.13314609,0.07029648,-0.5327355
attn_1_0_outputs,1,-0.06499347,-0.050442267,-0.07886793,-0.06475719,-0.19122575,0.10293659,-0.31551635
attn_1_0_outputs,2,0.16446902,0.21401513,0.18189734,0.07075202,0.056827277,0.3735646,-0.57789713
attn_1_0_outputs,3,-0.07072279,-0.13810056,-0.1426599,-0.21943602,-0.20499326,0.11551153,-0.39152864
attn_1_0_outputs,4,0.05829527,0.060452178,-0.07457419,-0.057561994,-0.12083076,0.21937414,-0.4705317
attn_1_0_outputs,5,0.34602743,0.36641335,0.26856738,0.2607217,0.24760786,0.6108019,-0.40165344
attn_1_0_outputs,<pad>,-0.2811905,0.41236937,-0.09255119,0.36126575,0.23467402,-0.10701048,0.73489845
attn_1_0_outputs,<s>,0.0952198,0.18182142,0.0015953352,0.03962922,-0.017880922,0.06965154,0.30965835
attn_1_0_outputs,_,0.16445075,-0.37549978,0.32357237,0.23996542,0.14414796,0.6990612,0.055880412
attn_1_0_outputs,_,-0.5230442,-0.3235285,-0.24187696,-0.2577986,0.40750295,0.056142673,0.40303117
attn_1_0_outputs,_,0.21271172,0.074706,-0.16425599,0.09068046,0.47813022,-0.35223985,-0.8201724
attn_1_0_outputs,_,0.28836927,0.8833266,0.3399453,0.22807512,-0.43887857,-0.022039253,-0.21841712
attn_1_0_outputs,_,0.06993574,-0.23676737,0.45224285,0.21357296,-0.30919918,0.24973123,-0.067213364
attn_1_0_outputs,_,0.28360555,0.22218783,-0.33015063,0.12455338,0.34738618,-0.555091,0.10190892
attn_1_0_outputs,_,0.5349634,0.102303185,-0.09587635,0.26156417,0.35171664,0.029566083,-0.5676259
attn_1_0_outputs,_,-0.13996167,0.1884481,-0.37987018,-0.3591222,-0.27385873,-0.6509164,0.1517378
attn_1_1_outputs,0,-0.17594996,-0.21998267,-0.28884444,-0.18554713,-0.18475512,-0.15659943,0.21898802
attn_1_1_outputs,1,-0.034317143,-0.21867,-0.15358998,-0.1422514,-0.13272588,-0.05766182,0.20113853
attn_1_1_outputs,2,0.13557336,-0.03922087,0.47122315,-0.013132523,0.088795856,0.100867316,-0.9970018
attn_1_1_outputs,3,0.04318583,-0.1814207,-0.09516094,-0.20050485,-0.112646535,-0.01863181,0.13925768
attn_1_1_outputs,4,0.12526843,-0.06774078,0.116841935,-0.028467672,-0.060651653,0.10101887,0.040690366
attn_1_1_outputs,5,0.3940083,0.20886545,0.4305186,0.21372211,0.34309474,0.29038447,-0.028713355
attn_1_1_outputs,<pad>,-0.16735113,0.22787437,-0.09845678,0.27297372,0.38507527,-0.047740255,0.17214791
attn_1_1_outputs,<s>,0.12873955,-0.024627173,0.15036775,-0.047663674,-0.09099434,0.048634727,0.022381624
attn_1_1_outputs,_,0.010374791,-0.25028908,-0.2665515,0.20230985,0.06529751,-0.36780977,0.15005788
attn_1_1_outputs,_,1.0090569,0.11592098,0.22575085,0.4371177,0.076578334,0.5242725,0.8282577
attn_1_1_outputs,_,-0.13976975,0.42083478,-0.340395,-0.09142958,-0.18789823,0.3366804,-0.8328521
attn_1_1_outputs,_,0.06570183,0.46132728,-0.13223992,0.0252519,0.13705014,0.29329422,-0.10472116
attn_1_1_outputs,_,-0.062486082,-0.1045339,0.61067027,-0.1937551,0.32808307,0.38434184,0.17844681
attn_1_1_outputs,_,0.105449885,0.25342834,0.18169475,0.3474605,-0.26643926,-0.041787297,-0.06775186
attn_1_1_outputs,_,0.3769601,0.255889,0.47062597,0.37417462,0.36982077,-0.016131032,-0.059980467
attn_1_1_outputs,_,-0.023223232,-0.2271738,-0.06306001,-0.7259457,0.05813616,0.009780157,0.07906606
attn_1_2_outputs,0,0.21566032,-0.03399797,-0.09989765,0.024887731,-0.02204832,0.19153935,-0.3491576
attn_1_2_outputs,1,0.129304,-0.2313177,-0.17169605,-0.12658578,0.04501945,0.05095198,-1.2478744
attn_1_2_outputs,2,0.4235572,0.04828925,0.08197596,0.17521593,0.17035289,0.16307364,-0.59843874
attn_1_2_outputs,3,0.048111632,-0.2334115,-0.23017843,-0.22837518,-0.24322668,-0.0993763,-0.3152544
attn_1_2_outputs,4,0.14399149,-0.17578706,-0.11482173,0.023910234,0.31679386,0.052408505,-1.4791067
attn_1_2_outputs,5,0.67939276,0.3789109,0.40418202,0.4854336,0.4659992,0.41050074,-0.36826694
attn_1_2_outputs,<pad>,-0.41536736,-0.19946194,-0.1983894,-0.025671516,-0.6847298,-0.2648158,0.62800753
attn_1_2_outputs,<s>,0.24543788,-0.060723945,-0.15479676,-0.13988727,-3.8482838,0.3832076,3.317734
attn_1_2_outputs,_,0.29047015,-0.33778483,-0.20120125,-0.020272963,0.13429327,0.29206917,-0.25918308
attn_1_2_outputs,_,0.6581883,-0.27179536,0.37439394,0.0094538815,-0.17716506,0.1275915,0.14346461
attn_1_2_outputs,_,0.13236903,0.5465186,0.15610157,0.43522137,-0.23146367,0.52679,-0.8835948
attn_1_2_outputs,_,0.48723906,0.06842519,0.37044626,0.4530406,-0.14186321,0.40555257,0.23267196
attn_1_2_outputs,_,0.47297812,-0.51063734,0.106493205,-0.3923267,-0.180985,0.18741058,0.14784075
attn_1_2_outputs,_,-0.047981407,0.32743353,-0.26649833,0.02504799,-0.3701484,-0.53787476,-0.61922616
attn_1_2_outputs,_,0.6013779,-0.097690545,-0.28798625,0.0243775,0.0028557228,-0.39666417,0.290996
attn_1_2_outputs,_,0.20659004,0.18672116,0.4098163,0.0042898296,-0.09872446,0.12578309,0.7144984
attn_1_3_outputs,0,0.1126686,0.14971124,0.103474475,0.021447891,0.33326665,-0.009038011,-0.040470514
attn_1_3_outputs,1,-0.21201351,-0.3144659,-0.21166278,-0.31224757,-0.091101676,-0.399284,-0.38541335
attn_1_3_outputs,2,0.17823958,0.018677244,0.1325498,0.03727663,0.25481427,-0.06265331,-0.22942576
attn_1_3_outputs,3,-0.29516914,-0.33309495,-0.3158695,-0.3687476,-0.18791877,-0.49007267,-0.53091526
attn_1_3_outputs,4,0.24946618,0.18069069,0.21636297,0.16292517,0.29171234,0.016545044,0.20941216
attn_1_3_outputs,5,0.111538246,0.1236331,0.14082524,0.011675243,0.30110672,-0.058374986,-0.032056507
attn_1_3_outputs,<pad>,-0.52654135,0.08379746,0.10520459,0.05089713,0.444449,-0.4981423,0.57780606
attn_1_3_outputs,<s>,0.15736648,0.09871974,0.13703503,0.0040126597,0.39781374,-0.021583674,0.2771617
attn_1_3_outputs,_,0.48806968,-0.019065477,-0.03504083,0.039385315,-0.69216937,0.025953896,-0.343686
attn_1_3_outputs,_,-0.24547547,-0.27883485,-0.04766972,0.34522635,-0.115352124,0.5964846,-0.06657071
attn_1_3_outputs,_,-0.13219012,-0.365027,-0.71613705,-0.10452011,0.037938986,-0.0035322441,0.36596364
attn_1_3_outputs,_,-0.46129254,0.43690827,-0.15548795,-0.052054968,-0.07747022,-0.3722878,-0.20592222
attn_1_3_outputs,_,-0.844629,-0.6051402,-0.8903074,-0.66686285,0.16833411,0.5119797,-0.58546925
attn_1_3_outputs,_,1.1507432,0.43303716,-0.16179726,0.39182863,-0.40133393,0.07023668,-0.12365411
attn_1_3_outputs,_,0.25339907,0.2229339,0.19024728,0.0834725,0.35884762,0.056295037,-0.29114383
attn_1_3_outputs,_,0.8381065,0.10731341,0.30443707,0.8282656,0.13888115,-0.045260727,0.8204018
attn_2_0_outputs,0,-0.1602838,-0.0977345,-0.4041585,-0.089587264,0.16990091,-0.1400412,0.031247023
attn_2_0_outputs,1,-0.05791154,-0.026217308,-0.2053291,-0.064524606,0.26911956,0.100128636,-0.09089477
attn_2_0_outputs,2,0.11577541,0.07218691,-0.019278526,0.05892655,0.27974418,0.19621977,-0.3610541
attn_2_0_outputs,3,-0.0020168123,-0.1296087,-0.32169864,-0.11021151,0.11631575,-0.057050366,-0.31305376
attn_2_0_outputs,4,0.5270484,0.51372135,0.30405664,0.5005992,0.7406393,0.60868806,0.27149507
attn_2_0_outputs,5,0.00022618624,0.044177826,-0.16911918,0.036265768,0.27677685,0.2450253,-0.27987808
attn_2_0_outputs,<pad>,-0.93412083,-0.15220623,-0.21481843,-0.12307431,-0.053046897,-0.099336095,-0.032125704
attn_2_0_outputs,<s>,0.028052106,-0.0016919124,-0.213165,0.004544984,0.1898089,-0.0066308198,0.31113416
attn_2_0_outputs,_,0.24332687,-0.29727492,0.29358432,-0.20830986,0.49113914,0.5919991,-0.88278157
attn_2_0_outputs,_,0.037786264,0.029136712,-0.17038701,0.26593506,0.58455145,0.9192426,0.10442905
attn_2_0_outputs,_,-0.4751254,-0.24959916,-0.06291475,0.2696135,-0.39182365,0.6058312,-0.12253679
attn_2_0_outputs,_,-0.064277604,0.052266553,-0.24484637,0.2070363,0.47428074,-0.276418,0.19396809
attn_2_0_outputs,_,-0.22505496,-0.16221347,0.59764755,-0.0028098894,0.2590997,0.26003674,0.06927504
attn_2_0_outputs,_,-0.56592476,-0.29763755,-0.5160672,-0.5288401,-0.09676767,0.08081458,0.08030847
attn_2_0_outputs,_,0.15058465,0.16506645,-0.11898847,0.10023855,0.6075892,-0.09297377,-0.7550679
attn_2_0_outputs,_,0.092613876,0.14021419,-0.9610914,-0.3351969,-0.21008654,0.042705454,-0.14066647
attn_2_1_outputs,0,0.025000695,-0.024327267,0.01468492,-0.08973602,0.009589091,-0.4925381,0.88685906
attn_2_1_outputs,1,0.22725874,0.114378884,0.18955863,0.12666863,0.14107542,-0.01680864,0.42243692
attn_2_1_outputs,10,0.22635986,0.17414393,0.16435423,0.19600204,0.245049,0.025122833,0.7861286
attn_2_1_outputs,11,-0.36810288,-0.32380632,-0.016703544,-0.29826045,0.18864174,0.0838666,-0.051539097
attn_2_1_outputs,12,-0.091516286,0.033101946,-0.04721475,-0.2304498,-0.03512725,-0.094021045,-0.331184
attn_2_1_outputs,13,-0.042380642,-0.21033528,-0.03578966,-0.12007323,-0.03579032,-0.047853988,0.3136257
attn_2_1_outputs,14,0.20572431,0.1609859,0.17975111,0.1874837,0.21447481,0.051315513,0.50335413
attn_2_1_outputs,15,0.024328183,-0.14590776,-0.06793659,-0.120977566,0.0064165676,-0.010310349,0.1415649
attn_2_1_outputs,2,0.54133326,-0.061826836,0.40079564,0.35880044,0.101599135,-0.44795096,0.6394391
attn_2_1_outputs,3,0.12649325,0.26924887,0.24254403,0.13276817,0.24199907,-0.056623783,0.87047493
attn_2_1_outputs,4,-0.30584267,-0.30733556,-0.2814125,-0.3366198,-0.2986899,-0.6735689,0.056490704
attn_2_1_outputs,5,-0.016895883,0.056942035,-0.034008536,-0.055294883,0.027043385,-0.03964794,0.27130958
attn_2_1_outputs,6,0.3997729,0.19374403,0.1544992,0.111791894,0.09120802,0.11017595,0.5945665
attn_2_1_outputs,7,0.027927293,-0.079982966,0.005033579,-0.07950916,0.05448422,0.039276738,0.10864771
attn_2_1_outputs,8,0.27243882,0.33799842,0.373002,0.25777692,0.32220885,0.14980353,0.8795728
attn_2_1_outputs,9,0.07630179,0.059381634,0.13311446,0.012956703,0.09069883,0.10929228,0.07898699
attn_2_2_outputs,0,-0.067622684,-0.11565144,-0.11437071,-0.034848332,-0.055369552,0.150848,0.026351668
attn_2_2_outputs,1,-0.07744626,-0.14339006,-0.02060877,-0.12767328,-0.11956291,0.21379033,-0.32156917
attn_2_2_outputs,2,0.25888112,0.12868114,0.1775009,0.06733528,0.16167963,0.40253267,-0.27023795
attn_2_2_outputs,3,-0.01384366,-0.117416516,-0.042421434,-0.05637075,-0.048900776,0.2525555,-0.3091477
attn_2_2_outputs,4,-0.024438601,-0.086412616,-0.05797603,-0.09925689,-0.02938208,0.22771922,-0.33050492
attn_2_2_outputs,5,0.36319536,0.25301808,0.34293792,0.27942184,0.2993881,0.6718404,0.045384917
attn_2_2_outputs,<pad>,0.28319883,-0.49299452,0.22160743,-0.8948105,0.44002986,-0.22784053,-0.059069905
attn_2_2_outputs,<s>,-0.17589518,-0.22597249,-0.14201233,-0.24170975,-0.2505868,0.07214724,-0.033615306
attn_2_2_outputs,_,0.4419015,-0.3230789,-0.08908809,0.12143911,0.31317976,0.21691762,-0.03199196
attn_2_2_outputs,_,0.17803228,-0.17184788,0.067859925,0.53609514,-0.5134041,-0.33161253,0.322879
attn_2_2_outputs,_,0.78466487,0.34748408,-0.23290995,0.020399556,-0.07188087,0.3279772,-0.16489774
attn_2_2_outputs,_,-0.024596222,0.29438382,0.2479405,0.17998861,-0.15590465,-0.04461093,0.093500644
attn_2_2_outputs,_,-0.34556708,0.5212177,0.5347016,0.13855825,0.55784976,0.55315745,0.2983261
attn_2_2_outputs,_,0.049433034,0.4770515,0.2047801,-0.12452392,0.23817597,-0.14422472,-0.7910824
attn_2_2_outputs,_,0.39920044,0.37266183,-0.09218339,0.3823243,0.10564719,-0.056616813,-0.033981845
attn_2_2_outputs,_,-0.5733375,-0.36549348,-1.08045,-0.4125921,-0.40446305,0.31443956,0.20939036
attn_2_3_outputs,0,0.36716554,-0.5429107,-0.0976714,0.5021145,-0.4705184,-0.15977812,0.2923983
attn_2_3_outputs,1,0.1613918,-0.460857,-0.32814077,0.05959576,-0.79081774,-0.27277663,-0.48038402
attn_2_3_outputs,10,0.24326612,-0.06417867,0.30017892,0.36872754,0.058629796,-0.01822558,0.2055409
attn_2_3_outputs,11,-0.41741645,-0.29162633,-0.21296749,-0.098525696,-0.2693994,-0.11751338,0.7908854
attn_2_3_outputs,12,0.097344145,-0.037235588,0.016607957,0.08581012,-0.04190768,-0.13098128,-0.64573693
attn_2_3_outputs,13,0.3853556,0.24185678,0.24071774,0.19030704,0.084383614,-0.4084182,0.20777029
attn_2_3_outputs,14,0.47303668,0.39451322,0.44502038,0.54521435,0.4030088,0.34132397,0.08155125
attn_2_3_outputs,15,-0.32618847,-0.29069185,-0.40160322,-0.01952698,-0.45292208,0.037741195,0.34291363
attn_2_3_outputs,2,-0.18321769,-0.18910019,-0.19801033,0.18442766,-0.18673241,-0.00018270739,-0.32209584
attn_2_3_outputs,3,0.3927026,0.09516465,-0.007867662,0.46086985,-0.024203276,-0.46620402,0.18799926
attn_2_3_outputs,4,0.44016945,0.09283892,0.17592631,0.5223081,0.26927912,-0.034902155,-0.28801584
attn_2_3_outputs,5,-0.16725634,-0.032630727,-0.18533608,0.21065168,-0.3556086,-0.05030781,-0.72217774
attn_2_3_outputs,6,0.36366302,0.17726251,0.542505,0.31360844,0.09585423,0.07562064,-0.22835538
attn_2_3_outputs,7,0.21095416,-0.033818286,0.117203064,0.24152797,0.09012137,-0.15547657,-0.37099352
attn_2_3_outputs,8,0.60224736,0.26697218,-0.047853142,0.051418103,0.07808776,-0.19852214,-0.19833733
attn_2_3_outputs,9,-0.06608482,-0.026122969,0.4404774,0.13726978,0.07125299,0.91386056,-0.6151886
attn_3_0_outputs,0,0.2731696,0.23077868,-0.0670684,0.046145085,0.056182213,-0.5293214,0.43501827
attn_3_0_outputs,1,0.4333091,-0.38443106,-0.39438695,-0.34650403,0.09556558,-0.20357618,-0.2467782
attn_3_0_outputs,10,-0.47095802,-0.38873127,-0.69699454,-0.38951635,-0.35908827,-0.29901034,1.081617
attn_3_0_outputs,11,-0.7706503,-0.2629567,-0.40584773,-0.3404825,-0.30390134,-0.40745828,1.8524895
attn_3_0_outputs,12,-0.37179288,-0.0852135,-0.19034241,0.061140783,0.037405737,0.313322,2.2910457
attn_3_0_outputs,13,0.1117923,-0.21918148,-0.22710909,-0.020538386,-0.05844074,0.37594593,0.23345238
attn_3_0_outputs,14,1.1539371,0.20991012,0.0924216,0.29153106,0.43009964,0.2071369,-3.238928
attn_3_0_outputs,15,0.43362856,0.15825872,-0.42299768,0.20825714,0.19306868,-0.16001056,0.14237061
attn_3_0_outputs,2,-7.8324747,-0.015471855,0.028132487,0.07833109,-0.012999349,0.22868423,4.9219
attn_3_0_outputs,3,0.2883535,-0.00026389546,-0.17637137,0.28452563,-0.4771913,-0.5784423,-0.12484143
attn_3_0_outputs,4,0.95693195,-0.071681246,-0.15526341,0.10204775,0.00933574,0.04584873,-3.429344
attn_3_0_outputs,5,0.59501,0.18386473,-0.06827396,0.13301325,-0.3899085,-0.46850872,-0.63034064
attn_3_0_outputs,6,0.7057261,0.15217212,0.262044,0.33183703,0.23967631,0.41621038,-1.8462064
attn_3_0_outputs,7,1.8146151,0.8635754,0.8209419,0.9584942,1.0787838,1.027567,-2.672509
attn_3_0_outputs,8,0.44920093,-0.16485435,-0.11637772,-0.2520139,-0.067656495,-0.008189863,-0.06885883
attn_3_0_outputs,9,0.5500824,-0.050188925,-0.092623316,0.13895291,0.38186765,0.008552392,-0.21117324
attn_3_1_outputs,0,0.53803843,-4.561851,-0.03985626,-0.20397489,-0.88686025,-0.83030516,1.7300597
attn_3_1_outputs,1,-0.4156021,-0.23722406,-0.028914696,0.13855925,0.16467045,0.0073046926,-0.16374002
attn_3_1_outputs,10,0.5489708,-0.04711044,0.30508882,0.14850491,0.19696778,0.2662109,-0.37223396
attn_3_1_outputs,11,0.05623175,0.39012706,-0.37664333,-0.49302483,-0.48654008,-0.59430796,0.34133604
attn_3_1_outputs,12,-0.29227492,0.020092154,0.12913032,0.019019667,-0.06908388,-0.0040349965,0.4079308
attn_3_1_outputs,13,-0.1039801,0.08769513,-0.24022898,-0.28691477,-0.21339367,-0.1435964,-0.6139582
attn_3_1_outputs,14,0.4076049,0.32659814,0.12860687,0.031023856,-0.2083707,-0.24993826,0.46207732
attn_3_1_outputs,15,0.282508,0.37672457,0.050058194,-0.08647505,-0.16506885,-0.32168922,0.71947426
attn_3_1_outputs,2,0.010673995,0.89199543,-0.32191625,-0.36826682,-0.13284734,-0.3267625,-0.23905095
attn_3_1_outputs,3,0.34681782,-0.39249152,0.14337963,0.30746567,0.07104899,0.18173693,-1.4569046
attn_3_1_outputs,4,-0.1490471,0.30736718,-0.03328493,-0.18099672,-0.15782908,-0.20821026,0.17802988
attn_3_1_outputs,5,0.30330837,1.0409441,0.18773234,-0.29532155,0.16557041,0.008554015,0.360382
attn_3_1_outputs,6,1.1845686,0.31382132,0.38710713,0.041722327,0.12916262,-0.056422245,0.4924507
attn_3_1_outputs,7,-0.9218593,0.5693071,-0.10046801,-0.26365408,-0.13815679,0.10685488,-1.1378478
attn_3_1_outputs,8,0.43676597,0.30155274,0.43531588,0.09978014,0.19649075,0.10853109,-0.6377229
attn_3_1_outputs,9,0.24442159,0.10350161,0.22838241,0.031504687,-0.06994331,0.12013812,0.21165577
attn_3_2_outputs,0,0.009865273,0.23872903,0.19243826,-0.078789786,-0.06776976,0.13243434,-0.09418987
attn_3_2_outputs,1,0.090785146,0.21917994,0.20002179,-0.087151006,-0.0117523745,0.20187251,-0.31936467
attn_3_2_outputs,10,0.3524244,0.39369065,0.52934474,0.18074942,0.440899,0.35592425,0.2464447
attn_3_2_outputs,11,-0.026969392,0.43089324,0.09553992,-0.044673968,0.1402939,0.1611202,-0.30841416
attn_3_2_outputs,12,-0.4522831,0.46556497,0.44841447,-0.17880316,-0.4412325,0.3705358,-0.44772333
attn_3_2_outputs,13,-0.0669916,0.1379559,0.05340443,-0.16667847,-0.17637031,0.09671501,-0.21086864
attn_3_2_outputs,14,-0.10689094,0.05210025,-0.22785942,-0.3298748,0.73516387,-0.5351275,0.36185017
attn_3_2_outputs,15,-0.22682665,-0.083259545,-0.6623941,-0.21516581,0.27511814,-0.0013424566,0.3025113
attn_3_2_outputs,2,-0.101083644,0.05670751,0.032808702,-0.28894883,-0.27723897,-0.08629486,-0.30993718
attn_3_2_outputs,3,0.040529568,0.2261472,0.120840475,-0.06841568,-0.05571051,0.088898286,-0.15812835
attn_3_2_outputs,4,-0.080417626,0.080688976,0.005498245,-0.265952,-0.19544062,-0.11315752,0.0019628154
attn_3_2_outputs,5,-0.47834074,-0.41766825,-0.39378926,-0.5428233,0.73755497,-0.2861736,-0.21306318
attn_3_2_outputs,6,0.073861,0.21223235,0.13562548,-0.136495,-0.09054754,0.13516717,-0.15079945
attn_3_2_outputs,7,-0.15532534,0.032506887,-0.038685154,-0.32014373,-0.21584792,-0.049823217,-0.56952566
attn_3_2_outputs,8,-0.1121115,0.06538584,0.0084884195,-0.3969091,-0.2165938,-0.13366161,-0.35095683
attn_3_2_outputs,9,0.19820538,0.27624863,0.10088738,0.09876706,0.015281324,0.45301402,-0.52826095
attn_3_3_outputs,0,-0.042252664,-0.15443493,0.050433256,-0.29033044,-0.19023561,-0.030351747,-0.26906154
attn_3_3_outputs,1,0.24212609,-0.68564206,-0.017706156,-0.55545735,-0.39405802,0.009019979,-0.24040695
attn_3_3_outputs,10,-0.0940635,-0.26035792,-0.1116537,-0.37024862,-0.35282433,-0.17500995,0.2791723
attn_3_3_outputs,11,0.2769678,0.11810733,0.18049869,0.013594217,0.08513403,0.10915039,0.13553753
attn_3_3_outputs,12,0.14313146,-0.14238712,0.2940235,-0.12006733,0.08266068,0.35662678,0.12255418
attn_3_3_outputs,13,0.207921,0.11427992,0.21582732,0.03821032,0.0059203687,0.21847875,-0.054645143
attn_3_3_outputs,14,0.53531134,0.3684337,0.22644274,0.18115382,0.37301746,0.28108096,0.47428095
attn_3_3_outputs,15,0.14121191,-0.119504236,-0.54848003,0.02614663,-0.20667623,0.08616281,0.1912433
attn_3_3_outputs,2,-0.022919202,-0.15524404,-0.059858833,-0.30024555,-0.19788493,-0.102368996,-0.10095905
attn_3_3_outputs,3,-0.122294426,-0.2615804,-0.16586593,-0.4011165,-0.29267234,-0.17364696,0.0022036221
attn_3_3_outputs,4,-0.11791747,0.34309706,0.10938448,-0.23813654,0.21876873,-0.50168383,0.29992115
attn_3_3_outputs,5,0.19904816,0.06293311,0.3213299,-0.0437523,0.04229136,0.19481038,-0.13540912
attn_3_3_outputs,6,-0.16165859,-0.63211906,0.06504697,0.019660346,0.3556926,0.55302495,-0.17671181
attn_3_3_outputs,7,-0.3031219,0.29566878,-0.21816954,0.18870474,-0.3483619,-0.59147763,-0.23479173
attn_3_3_outputs,8,0.7089146,0.24190429,-0.18190363,0.21283162,0.49174175,0.31097257,-0.23097801
attn_3_3_outputs,9,0.2334002,0.09437609,0.19585213,-0.016048659,0.05650765,0.19923002,0.13672066
mlp_0_0_outputs,0,0.40787882,0.19742846,-0.16271468,-0.066532865,-0.03952407,-0.54189104,0.70108193
mlp_0_0_outputs,1,0.5014534,0.64995575,-0.52820337,0.2857775,0.7015361,0.685381,-0.13374299
mlp_0_0_outputs,10,0.3645933,-0.13326703,0.6889433,0.2998137,0.43168837,0.5987482,-1.0776404
mlp_0_0_outputs,11,0.6131573,0.8164914,0.44370124,0.26242405,0.22363572,0.6092864,-0.48329136
mlp_0_0_outputs,12,0.1708317,-0.6563111,0.35926422,-0.6088761,0.010060613,-1.5367042,-0.16141136
mlp_0_0_outputs,13,-1.4548295,-1.3343313,-1.9075282,-0.34086803,-0.47322032,-1.5767357,3.5040214
mlp_0_0_outputs,14,0.0016554046,-0.24541412,0.50009614,-0.18378933,0.3789002,-0.30442855,0.14965063
mlp_0_0_outputs,15,0.9108926,0.5118422,0.6649793,1.2420431,0.64498097,1.0924658,-6.9823585
mlp_0_0_outputs,2,-0.035438735,0.45416206,0.52323836,0.0508977,-0.30288693,0.019999966,-0.57900137
mlp_0_0_outputs,3,1.113783,0.7082382,0.98584324,1.8704956,0.45869505,1.64959,-9.290564
mlp_0_0_outputs,4,0.5287494,0.3675439,1.0179402,0.6791785,0.8348903,1.0547808,-2.726567
mlp_0_0_outputs,5,0.45350656,0.20570022,0.85967416,0.7842573,0.9416028,0.64362496,-2.219681
mlp_0_0_outputs,6,-0.15663242,-0.93095297,0.24752083,-0.4949514,0.26310343,0.29653662,0.38208285
mlp_0_0_outputs,7,-5.571937,-5.3564982,-5.6093264,-4.5645204,-5.940208,-6.947087,10.712913
mlp_0_0_outputs,8,-0.4596092,-0.6088022,0.1552345,-0.7758014,0.14283144,0.30781743,0.105356015
mlp_0_0_outputs,9,-1.4807105,-1.0433366,-1.4756197,0.1525,-0.2981921,-0.5903369,3.6255045
mlp_0_1_outputs,0,-0.028318856,0.28870633,-0.36944458,0.30452755,-0.6004365,-0.083516516,-0.33784038
mlp_0_1_outputs,1,-0.3503695,0.37073857,-0.43434998,-0.18993635,0.12251946,-0.5260399,0.4527954
mlp_0_1_outputs,10,0.21615128,0.025896434,0.24408834,1.2224398,0.15218718,1.0363688,-0.37006775
mlp_0_1_outputs,11,-0.04104991,0.06109269,0.580396,0.6150518,0.337223,0.6670158,-2.1485138
mlp_0_1_outputs,12,-0.074047744,-0.92958534,-0.50468546,-0.25355873,-0.76193005,-0.08917713,-0.60786575
mlp_0_1_outputs,13,0.5369038,0.35644233,-0.2061889,0.37592044,-0.35205162,0.9475974,-0.5798397
mlp_0_1_outputs,14,0.3456125,0.052071758,0.4734918,1.509947,0.06525264,0.89343584,-0.50565445
mlp_0_1_outputs,15,0.011268119,-0.22268581,-0.39796034,0.27319372,0.11394469,-0.009502252,-0.49169582
mlp_0_1_outputs,2,-0.24794532,-0.8306871,-0.2102367,0.3541292,-0.7310597,0.16485709,-1.2187322
mlp_0_1_outputs,3,0.39609924,-0.0068624415,-0.5722,0.20769662,0.5686682,0.176004,0.52517587
mlp_0_1_outputs,4,0.5034816,0.6968101,1.3919126,0.7433745,0.6292607,0.54313856,-1.1346965
mlp_0_1_outputs,5,0.4929927,-0.090015434,0.036007736,0.80421865,0.12709098,0.69529325,-0.07001292
mlp_0_1_outputs,6,0.6022727,-0.033442184,-0.8669452,0.9624917,0.0700919,0.9991027,0.81510484
mlp_0_1_outputs,7,0.38846993,-0.3563187,0.3263988,0.9030651,-0.46182436,0.6665846,-0.34498996
mlp_0_1_outputs,8,-0.71521455,-0.8415315,-0.08376045,0.019758897,-0.11622447,-0.81864935,0.3692262
mlp_0_1_outputs,9,-0.40297976,0.23807515,-0.66483253,-0.23320784,0.013076704,-0.3462577,-0.4612652
mlp_1_0_outputs,0,0.8439238,0.154548,-0.12269984,0.00502499,0.3248223,0.020632284,1.9638221
mlp_1_0_outputs,1,0.28053743,0.34005296,-0.5716223,0.52187514,-0.023151595,0.5137746,0.48959363
mlp_1_0_outputs,10,0.5417508,-0.10557268,-0.47678643,-0.4543501,-0.29269877,-0.41683143,2.301737
mlp_1_0_outputs,11,0.5835584,0.25779423,0.29017696,0.23184931,0.44577715,1.0455835,-2.8867073
mlp_1_0_outputs,12,-0.22816435,-0.0040788325,-0.20424414,-0.21477795,-0.14107352,-0.49515718,2.3791087
mlp_1_0_outputs,13,0.21314467,0.8931273,0.38172224,0.8367971,0.6875509,0.8836817,-2.413719
mlp_1_0_outputs,14,0.14792673,0.08767571,-0.4940648,1.3748933,0.44833645,1.3988172,-9.78351
mlp_1_0_outputs,15,0.46073604,0.36523098,0.098546386,0.26262876,0.3008552,0.498197,1.9230477
mlp_1_0_outputs,2,0.505537,0.16560042,0.041425344,-0.23073578,0.07123179,0.21291769,1.7824908
mlp_1_0_outputs,3,-0.37922052,0.296643,0.16813096,-0.15857933,0.18418299,-0.412183,0.54741305
mlp_1_0_outputs,4,0.2404013,-0.06197164,-0.033089403,-0.32393938,0.07451268,-0.169096,0.9413324
mlp_1_0_outputs,5,-0.38889033,0.054917477,-0.07878403,-0.37622795,0.33688536,0.2630047,-0.3974634
mlp_1_0_outputs,6,0.23385076,0.2295563,-0.072387405,0.2976986,0.22772901,0.19275963,1.9446512
mlp_1_0_outputs,7,0.45615467,0.5950951,0.06596262,0.39982408,0.43370548,0.5056599,-3.2851696
mlp_1_0_outputs,8,-0.13131163,-0.5716945,-1.1355494,-1.0222604,-0.98391217,-1.0568305,1.3446195
mlp_1_0_outputs,9,-0.5429994,0.48710415,0.12244284,0.1364444,0.344906,-0.16562021,0.17321324
mlp_1_1_outputs,0,0.11196623,-0.1488208,-0.27092212,-0.20348243,-0.4998247,-0.29007295,1.1266404
mlp_1_1_outputs,1,0.6422833,0.3965253,0.2719807,0.3532914,0.06033123,0.17042536,2.2283962
mlp_1_1_outputs,10,0.46742287,0.19154796,0.1128107,0.18491618,-0.07643988,0.048702404,1.7321503
mlp_1_1_outputs,11,0.5952954,0.037520327,0.048568636,0.24591869,-0.20132427,0.10440913,0.04776059
mlp_1_1_outputs,12,0.5884337,-0.0010692569,-0.06445083,0.01699197,-0.21681808,0.52424216,-0.20430574
mlp_1_1_outputs,13,0.57946235,0.021096183,0.124718696,-0.1617701,-0.04449972,-0.026015341,0.80100083
mlp_1_1_outputs,14,0.801504,0.42233557,0.40365863,0.42730248,0.13595973,0.7719324,0.5241098
mlp_1_1_outputs,15,0.88263404,0.43397743,0.6831768,0.17301023,0.28562284,0.40813655,0.1713705
mlp_1_1_outputs,2,0.48291403,0.04899366,0.022456346,-0.049131725,0.31028447,0.12443712,-0.41041854
mlp_1_1_outputs,3,0.7435613,0.16792974,0.15182151,0.27114058,-0.1534026,0.17508069,0.107479446
mlp_1_1_outputs,4,0.5961004,0.15914771,0.08870337,0.40164152,-0.13981071,0.88783354,-1.2694193
mlp_1_1_outputs,5,0.38009098,0.033419117,-0.14748253,-0.0151350945,-0.22897698,0.53849894,-3.1776943
mlp_1_1_outputs,6,0.5920504,0.34621844,0.241495,0.29021096,0.16292368,0.60887164,1.76764
mlp_1_1_outputs,7,0.8763022,0.4763183,0.5103347,0.32851914,0.12797286,0.3207193,1.0337033
mlp_1_1_outputs,8,0.58285236,0.19595349,0.058893193,0.056729537,-0.13778687,-0.26892582,2.2007744
mlp_1_1_outputs,9,0.8911507,0.60471654,0.26425833,0.4780427,0.2519849,0.8765356,-0.80139047
mlp_2_0_outputs,0,0.35720226,0.49284145,0.72252303,1.0517884,0.5183085,1.2593998,-2.004213
mlp_2_0_outputs,1,-0.18722369,0.07947797,0.20104024,0.8655968,0.044568624,1.0810031,0.16923201
mlp_2_0_outputs,10,-0.19480564,0.017879527,0.40155432,0.16152273,-0.075126335,1.3746635,-0.052918963
mlp_2_0_outputs,11,-0.32808527,-0.28353015,-0.89246035,0.35025185,0.09476021,0.4309208,-0.13255425
mlp_2_0_outputs,12,-0.02857809,-0.14872493,0.17782965,0.058303557,-0.21607533,-0.35991195,0.48795608
mlp_2_0_outputs,13,0.15236884,0.42859972,0.6079132,0.9754634,0.39768973,1.4021367,0.37012184
mlp_2_0_outputs,14,-0.55567914,-0.33644328,-0.22401303,0.42556244,-0.30174562,0.7162278,-0.8776971
mlp_2_0_outputs,15,-0.44501853,-0.4432205,-0.39795923,0.14558843,0.13409504,0.12263983,-0.68160474
mlp_2_0_outputs,2,-0.2907669,-0.018976232,0.038957175,0.71939707,-0.047275424,1.0430411,0.35525024
mlp_2_0_outputs,3,-0.19278827,0.105077855,0.16930635,0.7552259,0.13586316,1.0750171,-0.81980336
mlp_2_0_outputs,4,-0.56303793,-0.17369333,-0.23697536,0.40402517,-0.13936095,0.857385,-0.035309844
mlp_2_0_outputs,5,-0.11304061,0.13755746,0.2715792,0.9371713,0.09309755,1.2640872,-0.09881374
mlp_2_0_outputs,6,-0.26255098,0.028013496,0.14693321,0.7559741,0.08292417,1.1175153,0.0011433596
mlp_2_0_outputs,7,-0.06809058,0.19193868,0.37456188,0.9382736,0.15592816,1.2445003,0.32649615
mlp_2_0_outputs,8,-0.25001487,0.1573058,0.19309583,1.3442055,0.14762866,1.1620833,-0.047560927
mlp_2_0_outputs,9,-0.531362,-0.39230758,-0.1477359,0.4197156,-0.31592682,0.597,0.06753225
mlp_2_1_outputs,0,0.19209334,-0.15588604,0.59446055,0.09486169,0.77511996,0.2875977,-0.046618827
mlp_2_1_outputs,1,-0.07573106,-0.17666355,0.2615829,-0.16959968,0.06840402,-0.08191332,0.123776875
mlp_2_1_outputs,10,0.61066437,0.33464855,1.1959904,0.47482556,1.2761286,0.85676795,-0.7955493
mlp_2_1_outputs,11,0.15711601,0.022301124,0.5660523,0.15508166,0.85868007,0.49190724,-0.35537207
mlp_2_1_outputs,12,0.23815928,-0.07985319,0.7281621,0.24896573,0.90424883,0.40426248,0.47617579
mlp_2_1_outputs,13,0.14867663,-0.15691762,0.53434986,0.04279521,0.7503882,0.20249207,0.14623277
mlp_2_1_outputs,14,0.25572056,-0.006137783,0.65491885,0.11422522,0.8880209,0.30747652,0.017909763
mlp_2_1_outputs,15,0.14358857,-0.25838843,-0.43813917,0.3545821,-0.6678223,0.27807793,0.050207086
mlp_2_1_outputs,2,-0.07776677,-0.41794974,0.29366007,-0.14721827,0.50104165,0.09600862,0.042136364
mlp_2_1_outputs,3,0.19970414,-0.13770935,0.6130428,0.08396634,0.82543516,0.24307734,0.77182156
mlp_2_1_outputs,4,-0.30006242,-0.70947933,-0.635533,0.0442004,0.28761923,-0.26889306,-0.5208788
mlp_2_1_outputs,5,0.04315151,-0.31335607,0.3591209,-0.06394822,0.6262066,0.13278574,-0.34971672
mlp_2_1_outputs,6,-0.112087,0.049315717,0.33950102,0.046420246,0.204964,0.10711201,0.096058
mlp_2_1_outputs,7,-0.3349268,-0.18186828,0.23288682,-0.5836435,0.3902759,-0.057985645,0.061567806
mlp_2_1_outputs,8,0.45846424,-0.04964145,-0.14687271,-0.044137128,0.1140192,0.22972146,0.04926165
mlp_2_1_outputs,9,0.40376738,0.098137654,0.77000433,0.20975171,1.0363861,0.41072094,0.27842623
mlp_3_0_outputs,0,-0.19361609,-0.27331054,0.26015627,-0.14427428,-0.31274432,-0.30317515,-0.26444638
mlp_3_0_outputs,1,0.4888206,0.2039294,-0.95988566,0.45310536,0.013782852,0.3451926,0.5192679
mlp_3_0_outputs,10,-0.5002099,-0.04059729,0.37502575,0.054188035,-0.09648787,0.1195864,-0.68588984
mlp_3_0_outputs,11,0.12807672,0.06393379,0.3803578,0.27255678,0.0040848767,0.033315863,0.00064202305
mlp_3_0_outputs,12,0.36902988,-0.0017159358,0.54739463,0.015784632,-0.1467004,-0.046736863,0.090302244
mlp_3_0_outputs,13,0.4020442,0.27191678,0.67574,0.31531173,0.28280154,0.28859264,0.09768449
mlp_3_0_outputs,14,0.6221823,0.247878,0.6496996,0.2509707,0.02509276,0.024976075,-0.05214675
mlp_3_0_outputs,15,-0.081871726,-0.17288542,0.21890418,-0.49485523,-0.31309754,0.1628925,-0.42602357
mlp_3_0_outputs,2,0.54819375,0.09623542,0.5545802,0.055060633,-0.0065150075,0.08720594,0.0063032866
mlp_3_0_outputs,3,-0.047514934,-0.14558059,0.29365504,-0.082965896,-0.21439272,-0.18184634,-0.547779
mlp_3_0_outputs,4,-0.122906,0.037718322,0.17089666,0.48076257,-0.55669343,0.28778493,-0.058738608
mlp_3_0_outputs,5,0.23205614,0.07073296,0.65230715,0.033032518,-0.049210366,0.069697656,0.7605203
mlp_3_0_outputs,6,0.17335573,0.19933394,0.5762266,0.24893901,0.19617951,0.448036,0.022913933
mlp_3_0_outputs,7,-0.04434344,0.1835481,0.2844584,-0.47741067,0.368363,0.041043412,-0.33312497
mlp_3_0_outputs,8,0.46813655,0.3082572,0.73349965,0.24974488,0.24293002,0.2851386,-0.052456655
mlp_3_0_outputs,9,0.2751187,0.076743454,0.5780278,0.155916,-0.00834334,0.028493727,-0.37630403
mlp_3_1_outputs,0,-0.10892279,0.036972083,-0.14419281,0.2934372,0.00800294,-0.028475283,0.67975646
mlp_3_1_outputs,1,-0.2938852,0.035856068,0.40801954,-0.51715636,0.08673283,-0.09473,0.034065466
mlp_3_1_outputs,10,0.09766506,0.081295535,0.5994352,0.2267196,0.0062409844,-0.043974377,0.08398258
mlp_3_1_outputs,11,0.4311551,0.58502316,0.48273385,0.83440447,0.57528013,0.63962525,0.3329731
mlp_3_1_outputs,12,0.042350233,0.02905218,0.11366747,0.07236303,0.20172328,0.17014576,0.14476828
mlp_3_1_outputs,13,-0.43226984,0.02548023,-0.4766367,0.027696671,-0.2045504,-0.419396,0.13661134
mlp_3_1_outputs,14,-0.10131991,0.38279983,0.46193647,0.6566397,0.59506893,0.30452558,-0.38690743
mlp_3_1_outputs,15,-0.1254392,0.19254635,0.80098623,0.27095336,0.21298654,0.07371546,-0.39213803
mlp_3_1_outputs,2,0.13175088,0.25764036,0.24023893,0.5279802,0.29445943,0.33300012,0.7025607
mlp_3_1_outputs,3,-0.12478993,0.020920932,-0.038510133,0.19624977,-0.22195774,0.06110869,2.0470257
mlp_3_1_outputs,4,-0.20337525,0.15497799,0.028336164,0.5866922,0.23009078,0.35033646,-0.5205682
mlp_3_1_outputs,5,0.09195585,0.24252951,0.07764381,0.43341246,0.17159496,-0.64269096,0.8177983
mlp_3_1_outputs,6,0.011640385,0.2704113,0.31207862,0.28402188,0.3313793,0.1849147,-0.7292591
mlp_3_1_outputs,7,0.21183154,0.16104192,0.82396156,0.094567604,0.020949068,0.06433307,-0.6149363
mlp_3_1_outputs,8,-0.34966528,0.25813216,-0.15574563,0.120822966,-0.24707872,-0.4317861,0.46021268
mlp_3_1_outputs,9,0.10320238,0.073513255,0.35751614,0.21281683,-0.1303508,0.01187663,-1.2045479
num_attn_0_0_outputs,_,0.6113728,0.69464767,0.52715755,0.4857288,-1.892432,0.19873069,0.93531585
num_attn_0_1_outputs,_,-0.27161604,-1.588514,-0.5695374,0.8248542,-0.31148976,0.27306163,0.0071576987
num_attn_0_2_outputs,_,-0.29085192,-2.4154508,0.26585484,0.9288738,0.6700419,0.49634597,0.45140928
num_attn_0_3_outputs,_,-0.2766983,-0.984864,-0.8226033,-0.63734007,-0.37942994,0.15890367,1.0828896
num_attn_1_0_outputs,_,0.9572262,0.20430106,-0.76366776,0.113268085,0.09931449,0.44118443,-0.42704725
num_attn_1_1_outputs,_,0.47936794,0.35760018,1.23755,-0.2223391,0.2156086,0.044670533,-1.8561409
num_attn_1_2_outputs,_,-0.41163203,0.7023543,-0.060738876,0.09646704,0.078770705,0.15748931,-0.22575077
num_attn_1_3_outputs,_,0.032052927,0.3124807,-0.22609343,-0.4336192,-0.494171,-0.5677148,-0.16642316
num_attn_2_0_outputs,_,-0.24428451,-0.033589534,-0.29285592,0.47673178,-0.091036774,-0.47878462,0.58293086
num_attn_2_1_outputs,_,-0.87822783,-0.5276224,0.255457,-0.2675489,-0.550568,-0.37560952,1.3510485
num_attn_2_2_outputs,_,-0.5275414,-0.5033993,-0.53919333,-0.41433516,-0.41125804,-0.42529547,-0.6226392
num_attn_2_3_outputs,_,-0.6068269,-0.47563326,-0.5907518,-0.89189416,-0.4892776,1.8811179,-0.30359703
num_attn_3_0_outputs,_,-0.35786688,-0.26763648,-0.24592027,-0.24430875,0.01774697,-0.2976648,-0.09581102
num_attn_3_1_outputs,_,0.113093,-0.2892725,0.1221426,-0.39750618,-0.39749828,-0.8700257,0.104457736
num_attn_3_2_outputs,_,-0.17564055,-0.21392173,-0.1254353,-0.2102066,-0.21732678,-0.20902088,-0.2208911
num_attn_3_3_outputs,_,-0.13044995,0.06996399,-0.18731226,-0.07099165,0.114768505,-0.07198247,-0.29677802
num_mlp_0_0_outputs,0,0.8384667,-0.30991134,0.76639056,-1.9009807,1.0384755,0.91560507,-0.4906516
num_mlp_0_0_outputs,1,1.127726,-0.18280737,0.79254997,-1.9063966,0.92939985,0.64421535,-0.6697979
num_mlp_0_0_outputs,10,0.015220165,0.26531786,-0.45924577,0.18776213,0.4843711,0.31262693,-0.43672663
num_mlp_0_0_outputs,11,-0.2628388,-0.32195094,-0.6108515,-0.088046685,-0.23231688,-0.1286959,-0.40578827
num_mlp_0_0_outputs,12,0.25371608,0.2984516,0.012180878,0.033855602,-0.059372872,0.2472448,0.58762586
num_mlp_0_0_outputs,13,0.549456,-0.080940925,0.2450964,-0.20429912,0.74075985,0.70272285,-0.93629384
num_mlp_0_0_outputs,14,0.51008,-0.26811665,0.19135353,-0.04960255,0.5262615,0.5928159,-0.98271024
num_mlp_0_0_outputs,15,0.11086355,-0.12481357,-0.040765736,0.047301896,0.3216514,0.33579892,-0.3741286
num_mlp_0_0_outputs,2,0.15886395,0.3519073,-0.2288085,0.40603536,-0.357414,0.22961028,-0.39054874
num_mlp_0_0_outputs,3,-0.15107408,-0.09524677,-0.27283406,1.8780695,0.00478023,0.11823893,-2.422742
num_mlp_0_0_outputs,4,-0.5460684,0.8708488,-0.8841335,-4.5593147,-0.9570697,-0.42260763,4.2096205
num_mlp_0_0_outputs,5,-0.58175004,0.028581653,-0.7667147,2.6654136,-0.6412197,-0.33071345,-3.8682945
num_mlp_0_0_outputs,6,0.13356516,0.42918906,-0.10395265,0.8891209,0.019229079,-0.101496875,0.10010755
num_mlp_0_0_outputs,7,0.31397605,-0.37555623,-0.01914935,-0.10923519,0.60566205,0.3997561,-1.2728455
num_mlp_0_0_outputs,8,0.14314292,0.35384065,-0.10195682,0.2857109,0.116853125,0.16803618,-0.4321017
num_mlp_0_0_outputs,9,0.24606894,0.63238233,-0.0412777,0.635606,0.10894203,0.06764055,-0.3189308
num_mlp_0_1_outputs,0,0.44503155,-0.06579425,0.11079482,0.2882851,0.16719589,0.25131416,0.034971643
num_mlp_0_1_outputs,1,0.21176071,0.6158128,-0.0066908686,0.37316334,0.16554011,-0.5188783,-1.6166005
num_mlp_0_1_outputs,10,0.3203574,0.45361075,0.12641805,0.29744378,0.17306992,0.13402297,-0.6306209
num_mlp_0_1_outputs,11,0.23732994,0.4035023,-0.060580876,-0.116161585,0.18663974,0.12214744,-1.0271888
num_mlp_0_1_outputs,12,-2.6265175,-1.3813032,-1.5669051,-0.7752678,-2.2172332,-2.6963573,5.110262
num_mlp_0_1_outputs,13,-0.07328071,0.39924663,-0.30726364,-0.011497092,-0.08822973,-0.03504974,-0.90712243
num_mlp_0_1_outputs,14,0.022316474,-0.0878192,-0.10266411,0.13623732,-0.11716994,-0.015952703,-0.8686221
num_mlp_0_1_outputs,15,0.6093614,1.2736222,0.35631308,-0.8329533,0.44329178,-0.09081406,-0.83937716
num_mlp_0_1_outputs,2,-0.26581863,0.45329016,-0.3761861,-0.64478946,0.073958725,-0.25861755,1.5626005
num_mlp_0_1_outputs,3,0.15451406,0.019405998,-0.039529882,0.24022199,0.08081899,-0.12837487,-1.1280156
num_mlp_0_1_outputs,4,-0.1353738,0.51928425,-0.44564852,0.2270153,-0.5144799,-0.4580685,-0.6680982
num_mlp_0_1_outputs,5,0.656145,-0.08804744,0.33373535,0.2555928,0.07985435,0.1930576,-0.16781987
num_mlp_0_1_outputs,6,0.1826476,0.6272248,0.010882387,0.09488303,0.09673782,0.02896666,-0.64367193
num_mlp_0_1_outputs,7,-0.10540014,-0.37548894,0.014436933,0.44793648,-0.41760635,0.6415985,-0.733239
num_mlp_0_1_outputs,8,0.31857508,0.60807383,0.10862777,0.15814602,0.05735981,0.14869724,-0.40229574
num_mlp_0_1_outputs,9,0.0044005276,0.31338134,-0.23727596,-0.15768012,-0.1640082,-0.13243268,-0.9951183
num_mlp_1_0_outputs,0,-0.2392574,-0.6015352,-0.17250854,0.15468262,0.111340724,-0.30448645,-0.38549426
num_mlp_1_0_outputs,1,-0.39846754,0.09299663,-0.31867355,-0.5164494,-0.11979423,-0.4028832,0.77287
num_mlp_1_0_outputs,10,0.21034907,0.44896528,0.3166825,0.45722935,0.7943993,0.30700207,-0.025136586
num_mlp_1_0_outputs,11,0.08444556,0.121657126,0.018414207,0.47022092,-1.3189638,0.1407659,0.22936799
num_mlp_1_0_outputs,12,-0.36275658,0.29195443,-0.13441423,0.24062486,-0.33045372,-0.065467216,-0.43463257
num_mlp_1_0_outputs,13,0.10575984,1.0362728,0.19127601,0.68798566,-0.59131545,0.03263083,-0.15468162
num_mlp_1_0_outputs,14,-0.36189562,0.89301115,-0.21210612,1.0774087,-1.7058574,-0.10024954,0.6334647
num_mlp_1_0_outputs,15,-0.2190703,-0.86363316,-0.7813089,0.9812404,1.1924373,-0.56272286,0.4139195
num_mlp_1_0_outputs,2,-0.3484429,0.59886974,-0.24456242,0.9808265,-0.27895394,-0.038114645,-0.34139222
num_mlp_1_0_outputs,3,0.29158503,0.3555491,0.30716142,-0.8708315,0.32110348,0.275991,-0.07027265
num_mlp_1_0_outputs,4,0.22209649,-0.004922297,0.26386994,0.5380633,-0.4247011,0.22572787,0.62441385
num_mlp_1_0_outputs,5,-0.12484333,0.30776095,-0.45217687,-0.21856451,-0.16180955,-0.1454086,0.14863372
num_mlp_1_0_outputs,6,-0.1282313,-0.893702,0.04557594,0.2219424,0.41392308,-0.037629522,-0.7705291
num_mlp_1_0_outputs,7,0.10854861,0.47008577,0.057359044,-0.116517626,0.26104033,-0.13689043,-0.16989708
num_mlp_1_0_outputs,8,-0.35529247,0.24499542,-0.2692218,-0.6819827,0.049961727,-0.45247152,-0.24154818
num_mlp_1_0_outputs,9,0.24155049,0.73461944,0.3286102,-1.8972481,0.19296923,0.16277352,0.15129702
num_mlp_1_1_outputs,0,-0.037548106,0.7152579,0.29753268,0.2894529,0.3176606,-0.10368592,-1.1557616
num_mlp_1_1_outputs,1,0.0028287407,0.22658923,0.16173972,-0.20608005,0.29192218,0.052120615,-0.67310715
num_mlp_1_1_outputs,10,-0.011242506,-0.0123237455,0.18559848,0.10569131,0.10030645,0.1258654,0.24127378
num_mlp_1_1_outputs,11,-0.07790005,0.22473373,0.026088834,-0.21054536,0.28258386,-0.026614586,-0.6973494
num_mlp_1_1_outputs,12,-0.03367345,-0.0024896045,0.1874207,-0.111571506,0.30672613,0.061108105,-0.31052724
num_mlp_1_1_outputs,13,-0.025144443,0.00419879,0.264698,0.22848561,0.2430146,0.22181568,0.39729646
num_mlp_1_1_outputs,14,-0.036164988,-0.19830878,0.24334325,-0.10627169,0.23341532,-0.0075889225,-0.33858255
num_mlp_1_1_outputs,15,0.22163503,0.3595491,0.2919161,0.10029357,0.2812191,0.23131038,0.7622712
num_mlp_1_1_outputs,2,0.40090778,-3.2302656,0.65922755,0.57916874,0.60438806,0.40910512,0.06665017
num_mlp_1_1_outputs,3,0.10494776,0.41161385,0.3582794,0.005545185,0.5195967,0.21457082,-0.29264086
num_mlp_1_1_outputs,4,-0.13051176,-0.8026379,-0.057564415,-0.60343176,-0.23067293,-0.3629218,1.8800982
num_mlp_1_1_outputs,5,-0.4001791,1.0547112,0.11450675,-0.6643818,-0.27722037,-0.59399885,-0.51295686
num_mlp_1_1_outputs,6,-0.274633,-0.06045121,0.30038837,0.056200754,-0.017245729,-0.018808257,-0.66858584
num_mlp_1_1_outputs,7,0.39336878,-0.5261922,0.9270805,0.3368996,0.5906181,0.27697077,-0.2883241
num_mlp_1_1_outputs,8,-0.15097073,0.09171047,-0.108826175,-0.24378538,0.19997697,0.13346389,-0.4546361
num_mlp_1_1_outputs,9,-0.4600617,1.248897,0.2678028,-0.70909035,-0.3589531,-0.56038386,-0.6565875
num_mlp_2_0_outputs,0,-0.82839286,-2.3568265,-0.4251757,0.10646799,0.26215234,0.7216157,4.0766225
num_mlp_2_0_outputs,1,1.4707474,0.5689825,0.307983,0.08326615,-0.25633648,-0.28711575,-1.9678949
num_mlp_2_0_outputs,10,0.073361605,0.33028275,0.27597332,0.24219292,0.38902,0.18381308,0.37983823
num_mlp_2_0_outputs,11,-0.43231142,-0.61821693,-0.6271987,-0.33251017,-0.66164124,-0.3574453,1.575359
num_mlp_2_0_outputs,12,0.14977267,-0.57827765,0.03855347,-0.03130013,0.027707865,0.21710911,0.21535438
num_mlp_2_0_outputs,13,-0.34543028,1.1339115,0.23402649,-0.0843006,-0.05019107,0.13343334,-2.368859
num_mlp_2_0_outputs,14,-1.3645495,-0.50172967,-0.055600684,0.8408351,-0.13908982,-0.10385877,0.6216577
num_mlp_2_0_outputs,15,-0.20007199,-0.7811694,0.27445695,-0.094266675,0.09362601,0.16640867,1.2459888
num_mlp_2_0_outputs,2,0.24372573,0.27649227,0.19693305,0.41056028,0.11429461,0.51581943,-2.01501
num_mlp_2_0_outputs,3,0.0993856,1.3274325,0.8579422,0.42597154,0.42715675,0.5520891,-0.56126696
num_mlp_2_0_outputs,4,-0.1702291,-0.14630055,-0.5510853,0.23451477,-0.34759068,0.017242169,0.03230771
num_mlp_2_0_outputs,5,0.87289256,0.12037237,0.36607778,0.3125567,0.03264044,0.2345785,-1.860862
num_mlp_2_0_outputs,6,-1.4334846,1.0603999,0.5471567,0.6726589,0.45147374,0.50344586,-2.1758711
num_mlp_2_0_outputs,7,1.0021609,0.3956347,0.799129,-0.03865102,-0.1074868,-0.09378664,-1.7781501
num_mlp_2_0_outputs,8,-0.23708141,-0.25106803,-0.18348537,-0.48610651,-0.28540716,-0.14920795,-0.5389641
num_mlp_2_0_outputs,9,-0.12881504,0.08884651,0.118086144,0.061215073,0.20694575,0.3807538,0.20662618
num_mlp_2_1_outputs,0,0.21926655,-0.48731974,0.8205053,1.624626,0.10284949,0.35080114,-2.0674548
num_mlp_2_1_outputs,1,0.040863067,0.1796761,-0.023433538,-0.17305374,-0.0065031443,-0.11494458,0.1058329
num_mlp_2_1_outputs,10,0.08883021,0.7383873,-0.56474614,-0.44686627,0.34673893,0.21110103,4.488543
num_mlp_2_1_outputs,11,-0.31238088,-0.88747025,-0.29923946,-1.0671968,0.12596168,0.017441586,2.3789055
num_mlp_2_1_outputs,12,-0.6126924,-1.3603982,0.4534267,1.23345,-0.5790696,-0.36563784,-2.5961926
num_mlp_2_1_outputs,13,0.1548061,-0.023335619,1.2613798,0.94710195,0.03291811,0.20327999,-2.2712824
num_mlp_2_1_outputs,14,-0.30699193,-1.150198,0.72366863,1.1113081,-0.12022957,0.26526123,-3.0154345
num_mlp_2_1_outputs,15,-0.22426322,0.04949626,0.14310434,-0.30881768,-0.29245797,-0.24493116,-0.23425594
num_mlp_2_1_outputs,2,-0.027328033,0.07481489,0.19533189,-0.015552786,0.11650047,-0.08539509,-0.16574952
num_mlp_2_1_outputs,3,0.11435734,0.5350765,0.18836747,-0.02493011,-0.3118749,-0.18144363,0.06267694
num_mlp_2_1_outputs,4,0.4108049,0.69993305,0.67471945,-1.1221749,0.44033995,0.22681293,-2.477741
num_mlp_2_1_outputs,5,0.035587605,0.4282835,0.6689905,1.1790599,-0.34036875,0.08308716,-1.7876747
num_mlp_2_1_outputs,6,0.105999745,-0.26250467,-0.2682756,-0.97993314,-0.056570783,-0.13182853,3.4903915
num_mlp_2_1_outputs,7,-0.16163115,-0.28523093,-0.13177486,-0.016054539,0.0011527638,-0.11181888,-0.07223997
num_mlp_2_1_outputs,8,0.042203162,0.111803845,0.017729757,-0.27020928,0.031571023,0.14072174,-0.12894025
num_mlp_2_1_outputs,9,-0.026652832,0.17127389,0.35527906,0.19519977,0.033015657,-0.027804803,-0.1755983
num_mlp_3_0_outputs,0,-0.15279657,-0.5224179,-0.1620471,-0.42023802,0.17322488,-0.29302114,0.0062455167
num_mlp_3_0_outputs,1,0.36683443,-0.041673098,0.0013657693,0.07314247,0.17621912,0.058096964,0.79129297
num_mlp_3_0_outputs,10,0.0689272,0.11860025,0.20799023,-0.07510923,0.23640677,0.046673514,0.22644727
num_mlp_3_0_outputs,11,0.3475068,0.23551962,0.38284665,0.27668604,0.30122215,0.15435392,0.22060686
num_mlp_3_0_outputs,12,0.34453064,0.1942944,0.24599041,0.091644436,0.2877533,0.25136182,0.08603689
num_mlp_3_0_outputs,13,-0.00855634,0.10964008,0.45810014,0.0880175,0.040271472,0.10845857,-0.8321545
num_mlp_3_0_outputs,14,0.17825775,-0.12358348,0.7998341,0.10086999,0.09033764,0.21832305,-1.1171837
num_mlp_3_0_outputs,15,0.598162,0.30784562,0.19256137,0.42286998,0.3835396,0.34989542,0.8483189
num_mlp_3_0_outputs,2,-0.2615386,-0.3300483,-0.6307538,-0.16405691,-0.33020005,-0.11246938,0.49003318
num_mlp_3_0_outputs,3,-0.026431382,-0.0023413491,0.44988042,0.047256283,0.015356114,0.02064292,-0.11832567
num_mlp_3_0_outputs,4,0.009495783,0.1018531,0.1533714,-0.003998358,0.08445458,-0.14593874,-0.2618867
num_mlp_3_0_outputs,5,0.05471613,0.17033571,0.16099516,0.37752268,0.09352286,0.22044604,-0.3313951
num_mlp_3_0_outputs,6,-0.10994216,0.07588444,0.13810547,-0.06689632,-0.054743186,-0.035388686,-0.46787664
num_mlp_3_0_outputs,7,-0.18918778,-0.091357194,-0.17343311,-0.08124548,-0.16198479,-0.078902364,-0.69298106
num_mlp_3_0_outputs,8,0.035083767,0.13149802,0.08919979,-0.16767967,0.009146378,-0.11484228,-0.053250737
num_mlp_3_0_outputs,9,0.3795708,0.3009291,0.28114882,0.37447974,0.19162445,0.19557215,0.23481488
num_mlp_3_1_outputs,0,-0.11692407,-1.0968292,0.3112182,0.010182159,0.27085283,0.4842493,0.79310054
num_mlp_3_1_outputs,1,-0.048448157,-0.5335662,0.14578597,-0.5404607,0.2810591,0.06325575,-0.40503052
num_mlp_3_1_outputs,10,0.24284448,-0.09634416,0.37516403,-0.12496656,0.31120658,0.35837558,-0.7311854
num_mlp_3_1_outputs,11,0.113464125,0.5521227,0.33063987,0.001782298,0.07852912,0.028388739,0.36162406
num_mlp_3_1_outputs,12,0.23348914,0.22565994,0.337207,0.2666286,0.22977671,0.33551756,-0.83482677
num_mlp_3_1_outputs,13,0.11636504,0.47044888,0.037860263,-0.04789522,0.025716538,0.1618886,-1.1246554
num_mlp_3_1_outputs,14,0.060285695,-0.29438448,0.097905055,-0.34572914,0.23764622,0.27762216,-0.05337922
num_mlp_3_1_outputs,15,-0.073159605,0.03140082,-0.035560135,-0.16706027,-0.15711129,-0.20153737,0.1745038
num_mlp_3_1_outputs,2,0.11191867,-0.1453514,0.2918398,-0.07174919,0.37208247,0.25346598,-0.16455732
num_mlp_3_1_outputs,3,0.20953017,0.04889261,0.35799465,-0.43716818,0.14536971,-0.040397692,-0.2855642
num_mlp_3_1_outputs,4,-0.43596485,0.26366082,0.05295248,-0.45233092,-0.2561466,-0.34955555,1.7668128
num_mlp_3_1_outputs,5,-0.5523449,-0.16465929,0.19747597,0.9288578,0.13135852,0.6161859,-0.97884995
num_mlp_3_1_outputs,6,0.09190813,-0.41848126,0.2518882,-0.0039816,0.10403848,0.2211391,-0.12774481
num_mlp_3_1_outputs,7,0.25026512,-0.08518683,0.14181943,-0.6385949,0.16168511,0.30431607,-0.78373885
num_mlp_3_1_outputs,8,0.114187755,-0.060204204,0.4171786,0.3044513,0.08066431,-0.6389909,0.13566862
num_mlp_3_1_outputs,9,0.6785364,-0.9673087,0.43924356,0.33171293,0.2833112,0.32034189,-0.43401325
num_var0_embeddings,_,-0.1263543,0.19186632,0.09325922,-0.08720609,0.15428887,0.0028370386,0.46908218
positions,0,0.22832318,0.73689044,0.18488471,0.19902179,-0.20636281,0.0666478,0.4867895
positions,1,1.6771554,-0.17138545,2.1522818,3.542119,0.117186315,0.8290013,-2.9224663
positions,10,-3.1947463,-1.5723983,-1.0633025,-0.792971,-1.0052545,-1.4971932,2.0816581
positions,11,-1.8065101,-1.9258394,-1.1762503,-0.8124524,-0.8052284,-1.0139015,1.5616473
positions,12,-2.7362695,-2.4599423,-1.5248612,-0.9104838,-1.4110558,-1.5419643,1.363467
positions,13,-3.2049518,-2.70292,-2.1282806,-1.6934663,-1.0016677,-2.260868,1.544214
positions,14,-4.9729867,-1.8619767,-2.2863865,-1.368548,-1.2713823,-4.4102015,2.2787073
positions,15,-4.410381,-3.5846822,-1.7649133,-1.9656907,-2.1799917,-5.086648,3.7185564
positions,2,1.0437931,1.4250568,0.9590422,0.82710916,1.2915078,2.0476525,-2.733305
positions,3,1.6227574,1.718335,1.2554986,1.2772088,1.3535774,1.2348447,-6.1751
positions,4,0.062941015,0.85724956,0.075000234,-0.72494066,0.3143284,0.30818912,-1.1553271
positions,5,-1.6630964,0.113231316,-1.3021003,-3.4949303,-0.780963,-1.6432682,8.095692
positions,6,-2.550026,-1.8456538,-2.1267548,-0.41818124,-2.8666127,-0.99358267,4.045944
positions,7,-2.883645,-1.7572334,-1.9516371,-1.734822,-0.8724714,-1.2716576,1.8742484
positions,8,-3.07238,-1.476047,-1.5346264,-1.7921311,-1.1868058,-1.4454073,1.3853593
positions,9,-2.977476,-1.5913979,-1.5313352,-1.0462589,-0.64334077,-1.0222734,2.0836606
tokens,0,0.24562593,-0.11029682,-0.18565786,0.0459449,0.02194533,0.13228327,0.18066546
tokens,1,-0.13448419,0.17161842,-0.44531098,0.18763223,0.029878536,0.059752095,0.3806434
tokens,2,-0.38955235,-0.45534402,-0.070632026,-0.12584832,-0.08830258,-0.17596547,-0.40475905
tokens,3,-0.072100885,-0.15124576,0.08041374,0.8745214,0.067528605,0.17854281,-0.78053916
tokens,4,-0.20037808,-0.11993679,-0.059288975,-0.11723999,0.324385,-0.028616041,-0.56066304
tokens,5,-0.12677877,-0.17495087,-0.1157511,0.18559152,-0.05098106,0.4996702,-0.3120532
tokens,<pad>,0.54220814,0.16728356,0.1288994,-0.3166913,0.48355576,-0.0547472,0.4160384
tokens,<s>,-0.6832779,-0.52777976,-0.42625955,0.6010862,-0.24614774,-0.42581823,0.10489273
tokens,_,0.8565382,0.17518653,-0.030712835,-0.6734302,0.29518628,0.2425627,-0.090653464
tokens,_,0.21661177,-0.122521676,0.24971277,-0.5310728,0.35499358,-0.18497387,-0.10297494
tokens,_,-0.9326838,0.47525027,-0.6026984,-0.08060317,0.32998797,-0.24641429,0.15458065
tokens,_,0.20485355,0.5608772,0.12796317,-0.057430867,-0.35504815,1.0156986,-0.1980181
tokens,_,0.23614876,-0.65117896,-0.10906159,0.31608108,0.011835083,-0.21103129,0.5537122
tokens,_,0.5627599,-0.116801746,-0.35821235,0.19498922,0.16366008,0.52850765,0.17014962
tokens,_,0.46264827,-0.49818102,-0.048687283,-0.09490564,0.07020331,-0.44344404,-0.1592715
tokens,_,0.36980274,0.14255764,0.20040551,-0.045487758,0.44400135,0.3531702,0.2777281
